year,month,embalse_avg,embalse_min
2003,1,0.6921629032258064,0.62896
2003,2,0.57143,0.51483
2003,3,0.4561264516129032,0.42748
2003,4,0.4244056666666667,0.3964
2003,5,0.5021735483870968,0.44997
2003,6,0.6052723333333333,0.56666
2003,7,0.675431935483871,0.65666
2003,8,0.7301545161290323,0.71616
2003,9,0.7440693333333334,0.73598
2003,10,0.7696509677419354,0.74955
2003,11,0.8141633333333333,0.80435
2003,12,0.8228229032258064,0.79442
2004,1,0.7562687096774193,0.70302
2004,2,0.6310575862068966,0.58455
2004,3,0.5441977419354839,0.50367
2004,4,0.492869,0.48051
2004,5,0.5735603225806452,0.50946
2004,6,0.7274593333333333,0.64086
2004,7,0.785738064516129,0.75698
2004,8,0.8117687096774193,0.80729
2004,9,0.828023,0.81392
2004,10,0.8371429032258064,0.82608
2004,11,0.864597,0.85214
2004,12,0.8433048387096774,0.81306
2005,1,0.7701761290322581,0.72514
2005,2,0.6805439285714286,0.62674
2005,3,0.5626251612903226,0.50577
2005,4,0.489924,0.48182
2005,5,0.5263064516129032,0.48344
2005,6,0.6256813333333333,0.57665
2005,7,0.6246967741935484,0.61517
2005,8,0.6392167741935484,0.62891
2005,9,0.6780513333333332,0.65424
2005,10,0.7117948387096774,0.69574
2005,11,0.8054403333333333,0.75978
2005,12,0.8093864516129031,0.78229
2006,1,0.7385022580645162,0.6896
2006,2,0.6346703571428571,0.56977
2006,3,0.5437219354838709,0.53536
2006,4,0.5639673333333334,0.53196
2006,5,0.6939635483870967,0.61858
2006,6,0.7861600000000001,0.74104
2006,7,0.8199238709677419,0.80818
2006,8,0.8121606451612904,0.80256
2006,9,0.7883206666666667,0.7771
2006,10,0.7967503225806452,0.77223
2006,11,0.8576946666666667,0.82947
2006,12,0.8627067741935484,0.83899
2007,1,0.7895151612903225,0.74129
2007,2,0.6695742857142858,0.60553
2007,3,0.5461474193548387,0.50981
2007,4,0.5173973333333334,0.50536
2007,5,0.5538193548387096,0.52205
2007,6,0.640711,0.60067
2007,7,0.7015454838709678,0.69204
2007,8,0.7022009677419354,0.68176
2007,9,0.736744,0.7331
2007,10,0.7675941935483871,0.73369
2007,11,0.8241306666666667,0.81022
2007,12,0.7871948387096774,0.77483
2008,1,0.7484583870967743,0.7089
2008,2,0.6590941379310344,0.6272
2008,3,0.5957583870967741,0.5651
2008,4,0.5382976666666667,0.51843
2008,5,0.5495851612903226,0.52571
2008,6,0.6679263333333334,0.61198
2008,7,0.7980116129032259,0.73499
2008,8,0.8328632258064517,0.82327
2008,9,0.8320166666666666,0.82122
2008,10,0.8189564516129032,0.80457
2008,11,0.8365486666666667,0.80598
2008,12,0.8446187096774194,0.81514
2009,1,0.7912903225806452,0.75597
2009,2,0.7140321428571428,0.67134
2009,3,0.628168064516129,0.60847
2009,4,0.6005003333333333,0.58319
2009,5,0.5893693548387097,0.57399
2009,6,0.5975146666666667,0.56433
2009,7,0.6715835483870968,0.6231
2009,8,0.7147974193548386,0.68918
2009,9,0.7028836666666667,0.67007
2009,10,0.6624890322580645,0.64642
2009,11,0.695928,0.68159
2009,12,0.6600338709677419,0.64787
2010,1,0.6166167741935484,0.5784
2010,2,0.5275721428571428,0.48653
2010,3,0.4444329032258064,0.4033
2010,4,0.418223,0.40358
2010,5,0.44791032258064517,0.42751
2010,6,0.5158736666666667,0.48851
2010,7,0.5883948387096775,0.54397
2010,8,0.637818064516129,0.62859
2010,9,0.6588643333333334,0.63858
2010,10,0.6873158064516128,0.67025
2010,11,0.7606816666666667,0.70473
2010,12,0.7941067741935484,0.77813
2011,1,0.7298564516129032,0.66804
2011,2,0.6196425000000001,0.58087
2011,3,0.5800641935483871,0.5617
2011,4,0.6585756666666666,0.57481
2011,5,0.8077119354838709,0.77631
2011,6,0.838661,0.82613
2011,7,0.8445454838709677,0.83563
2011,8,0.8317709677419355,0.81877
2011,9,0.812591,0.80445
2011,10,0.8214606451612904,0.79926
2011,11,0.8618586666666667,0.83308
2011,12,0.907274193548387,0.88825
2012,1,0.8677138709677419,0.83997
2012,2,0.7852258620689656,0.71792
2012,3,0.6743712903225806,0.64967
2012,4,0.706225,0.64875
2012,5,0.8262751612903225,0.78894
2012,6,0.8394063333333333,0.82983
2012,7,0.8572664516129033,0.84619
2012,8,0.8630774193548387,0.85072
2012,9,0.8386536666666667,0.80678
2012,10,0.8060029032258065,0.78997
2012,11,0.8100823333333333,0.79881
2012,12,0.7661006451612904,0.73379
2013,1,0.6692754838709678,0.60181
2013,2,0.5632453571428572,0.52197
2013,3,0.4823790322580645,0.44534
2013,4,0.39673400000000003,0.38081
2013,5,0.4315361290322581,0.38539
2013,6,0.5069323333333333,0.49817
2013,7,0.5374277419354839,0.51716
2013,8,0.5997448387096774,0.55961
2013,9,0.636526,0.62283
2013,10,0.6386106451612903,0.62715
2013,11,0.667504,0.62855
2013,12,0.7060622580645162,0.6946
2014,1,0.6617083870967742,0.6096
2014,2,0.5619025000000001,0.52771
2014,3,0.5181616129032257,0.47621
2014,4,0.44208733333333333,0.42349
2014,5,0.47662225806451614,0.4501
2014,6,0.5744163333333333,0.49949
2014,7,0.7088819354838709,0.6647
2014,8,0.7493422580645162,0.72594
2014,9,0.7469573333333333,0.73846
2014,10,0.7548825806451613,0.72451
2014,11,0.7939793333333333,0.77809
2014,12,0.778888064516129,0.75394
2015,1,0.7006016129032259,0.65188
2015,2,0.6151803571428571,0.55871
2015,3,0.4954135483870968,0.45113
2015,4,0.4565103333333333,0.44578
2015,5,0.4282222580645161,0.40499
2015,6,0.5223873333333333,0.46539
2015,7,0.6313432258064515,0.60288
2015,8,0.6864209677419355,0.67176
2015,9,0.678658,0.64852
2015,10,0.6348377419354839,0.62498
2015,11,0.651876,0.62203
2015,12,0.6463312903225807,0.61167
2016,1,0.5739935483870968,0.52332
2016,2,0.4729555172413793,0.43582
2016,3,0.4070664516129032,0.38977
2016,4,0.4010123333333333,0.38878
2016,5,0.4196648387096774,0.40901
2016,6,0.4533203333333333,0.44279
2016,7,0.5353929032258065,0.48053
2016,8,0.5605790322580645,0.55129
2016,9,0.5983786666666667,0.57147
2016,10,0.6310196774193548,0.61237
2016,11,0.6890926666666667,0.65842
2016,12,0.7485374193548388,0.73073
2017,1,0.7121403225806452,0.67983
2017,2,0.6131585714285714,0.55408
2017,3,0.54798,0.53611
2017,4,0.5891913333333334,0.58228
2017,5,0.6673903225806451,0.58756
2017,6,0.752138,0.71554
2017,7,0.7905522580645161,0.7831
2017,8,0.7750358064516129,0.75194
2017,9,0.7484059999999999,0.74026
2017,10,0.7245451612903225,0.69783
2017,11,0.7173200000000001,0.7019
2017,12,0.6886164516129033,0.645
2018,1,0.6343138709677419,0.59396
2018,2,0.54276,0.49601
2018,3,0.4329622580645161,0.39368
2018,4,0.43722133333333335,0.40257
2018,5,0.5801106451612903,0.4765
2018,6,0.7434096666666666,0.6799
2018,7,0.8004583870967742,0.78806
2018,8,0.8092316129032258,0.80083
2018,9,0.79586,0.77702
2018,10,0.8018435483870968,0.77824
2018,11,0.8187273333333334,0.80868
2018,12,0.7685045161290323,0.71729
2019,1,0.6575977419354838,0.6008
2019,2,0.5423482142857143,0.49884
2019,3,0.45791096774193546,0.43281
2019,4,0.4473856666666666,0.43321
2019,5,0.5002883870967743,0.44876
2019,6,0.6478093333333333,0.58473
2019,7,0.7285906451612904,0.71172
2019,8,0.741341935483871,0.71403
2019,9,0.6786016666666667,0.65963
2019,10,0.6754922580645161,0.65616
2019,11,0.7034283333333333,0.68954
2019,12,0.6731067741935484,0.65523
2020,1,0.6024322580645162,0.54178
2020,2,0.47915,0.43426
2020,3,0.38639,0.3462
2020,4,0.3350086666666667,0.31812
2020,5,0.32882,0.32102
2020,6,0.41006966666666667,0.35728
2020,7,0.5624696774193548,0.4776
2020,8,0.6305900000000001,0.61348
2020,9,0.6712290000000001,0.64746
2020,10,0.684374193548387,0.67206
2020,11,0.731403,0.68899
2020,12,0.7425306451612904,0.71882
2021,1,0.6833806451612903,0.62779
2021,2,0.5715107142857143,0.53419
2021,3,0.549968064516129,0.52979
2021,4,0.60316,0.57946
2021,5,0.7419035483870967,0.63326
2021,6,0.8335073333333334,0.8097
2021,7,0.8475377419354838,0.82905
2021,8,0.8590267741935483,0.83925
2021,9,0.8539323333333333,0.84044
2021,10,0.8408929032258065,0.83389
2021,11,0.8435330000000001,0.83033
2021,12,0.81324,0.79052
2022,1,0.739245806451613,0.67796
2022,2,0.6225089285714286,0.5882
2022,3,0.5873364516129032,0.56658
2022,4,0.5977116666666666,0.57801
2022,5,0.6773641935483872,0.63515
2022,6,0.763101,0.72133
2022,7,0.8385732258064517,0.81397
2022,8,0.8669364516129032,0.84982
2022,9,0.8495663333333333,0.81858
2022,10,0.83231,0.8131
2022,11,0.8648923333333334,0.85262
2022,12,0.8300151612903226,0.79041
2023,1,0.7673245161290323,0.71332
2023,2,0.6533185714285714,0.59494
2023,3,0.5995487096774192,0.57689
2023,4,0.5958153333333333,0.58082
2023,5,0.6044674193548387,0.58151
2023,6,0.6990540000000001,0.6653
2023,7,0.776978064516129,0.72388
2023,8,0.8182619354838709,0.8076
2023,9,0.7741733333333334,0.73683
2023,10,0.7244674193548387,0.71135
2023,11,0.7528063333333334,0.72813
2023,12,0.7194351612903226,0.70199
2024,1,0.6366235483870968,0.55791
2024,2,0.5017865517241379,0.43805
2024,3,0.3679051612903226,0.31508
2024,4,0.3066433333333334,0.28564
2024,5,0.3807796774193548,0.32946
2024,6,0.5146396666666667,0.44024
2024,7,0.5931732258064517,0.58004
2024,8,0.5732287096774193,0.54517
2024,9,0.5158686666666666,0.49437
2024,10,0.5306796774193548,0.50353
2024,11,0.6263850000000001,0.55342
2024,12,0.6639174193548387,0.65458
2025,1,0.6574496774193548,0.60387
2025,2,0.5681992857142857,0.54715
2025,3,0.5159025806451613,0.4906
2025,4,0.5364186666666666,0.49406
2025,5,0.6752019354838709,0.60583
2025,6,0.7863666666666667,0.74258
2025,7,0.8230690322580645,0.80891
2025,8,0.82518,0.81594
