Values_code,max_hourly_kW,total_gen_kWh,days_active,capacidad_MW,gen_anual_GWh,factor_planta,Code,Name,Type,Disp,RecType,CompanyCode,EnerSource,OperStartdate,State
2QBW,20134.19,136588857.3,366,20.13419,136.5888573,0.7744207891263158,2QBW,EL POPAL,HIDRAULICA,NO DESPACHADO CENTRALMENTE,NORMAL,ISGG,AGUA,2014-03-31,OPERACION
2QEK,35859.42,48402633.84,95,35.85942,48.40263384000001,0.15408544873056534,2QEK,SALTO II,HIDRAULICA,DESPACHADO CENTRALMENTE,FILO DE AGUA,ENDG,AGUA,2014-06-25,OPERACION
2QRL,666.48,5249275.35,366,0.6664800000000001,5.24927535,0.8991002669103513,2QRL,LA REBUSCA,HIDRAULICA,NO DESPACHADO CENTRALMENTE,GEN. DISTRIBUIDA,HZEG,AGUA,2014-07-24,OPERACION
2QV2,19140.94,57579980.61,358,19.140939999999997,57.57998061,0.34340304850546916,2QV2,BAJO TULUA,HIDRAULICA,NO DESPACHADO CENTRALMENTE,NORMAL,EPSG,AGUA,2015-01-30,OPERACION
2R22,19003.21,54866217.11,171,19.00321,54.86621711,0.32958993735158404,2R22,LAGUNETA,HIDRAULICA,NO DESPACHADO CENTRALMENTE,NORMAL,ENDG,AGUA,2014-12-17,OPERACION
2S6Q,1049.4,629335.2,356,1.0494,0.6293352,0.06845999409969428,2S6Q,AUTOG YAGUARITO 1,TERMICA,NO DESPACHADO CENTRALMENTE,AUTOGENERADOR,EMSG,BIOGAS,2016-03-22,OPERACION
2S6S,12350.4,31989667.2,335,12.3504,31.9896672,0.2956817992251818,2S6S,AUTOG ARGOS YUMBO 1,TERMICA,NO DESPACHADO CENTRALMENTE,NORMAL,DEPG,CARBON,2016-03-20,OPERACION
2S6U,6914.49,53187688.65,365,6.91449,53.18768865,0.8781058263848023,2S6U,AUTOG ARGOS EL CAIRO,HIDRAULICA,NO DESPACHADO CENTRALMENTE,AUTOGENERADOR,SOCG,AGUA,2017-09-29,OPERACION
2S78,476.12,1602556.09,314,0.47612,1.60255609,0.38423127136514834,2S78,LA FRISOLERA,HIDRAULICA,NO DESPACHADO CENTRALMENTE,GEN. DISTRIBUIDA,SGMG,AGUA,2016-04-29,OPERACION
2S8G,7399.34,1461534.7,221,7.3993400000000005,1.4615346999999999,0.022548208452455705,2S8G,AUTOG ARGOS TOLUVIEJO,TERMICA,NO DESPACHADO CENTRALMENTE,AUTOGENERADOR,EPSG,CARBON,2016-03-03,PRUEBAS
2S8I,13920.0,47687360.0,365,13.92,47.68736,0.39107489634178344,2S8I,AUTOG REFICAR 1,TERMICA,NO DESPACHADO CENTRALMENTE,AUTOGENERADOR,GECG,GAS,2016-04-26,OPERACION
2S8N,10471.28,50552954.16,341,10.47128,50.55295416,0.5511155444303076,2S8N,GUAVIO MENOR,HIDRAULICA,NO DESPACHADO CENTRALMENTE,NORMAL,ENDG,AGUA,2016-04-27,OPERACION
2S8S,1763.76,3515003.4,194,1.76376,3.5150034,0.227500394549378,2S8S,DOÑA JUANA,TERMICA,NO DESPACHADO CENTRALMENTE,NORMAL,BDJG,BIOGAS,2016-04-29,OPERACION
2S8U,1886.72,13373583.08,343,1.88672,13.37358308,0.8091633815085532,2S8U,PORCE III MENOR,HIDRAULICA,NO DESPACHADO CENTRALMENTE,NORMAL,EPMG,AGUA,2016-04-25,OPERACION
2S9L,813.78,640070.78,175,0.81378,0.6400707800000001,0.08978770753676597,2S9L,EL COCUYO,HIDRAULICA,NO DESPACHADO CENTRALMENTE,GEN. DISTRIBUIDA,PCYG,AGUA,2016-05-20,OPERACION
2S9Q,332.4,25078.2,11,0.3324,0.025078200000000002,0.008612539768887132,2S9Q,TEQUENDAMA BIOGAS,TERMICA,NO DESPACHADO CENTRALMENTE,NORMAL,VESG,BIOGAS,2016-06-25,OPERACION
2SDR,17103.0,75852354.04,365,17.103,75.85235404000001,0.5062822034212802,2SDR,ALEJANDRIA,HIDRAULICA,NO DESPACHADO CENTRALMENTE,NORMAL,GALG,AGUA,2017-03-02,OPERACION
2SI1,20218.0,83312531.0,366,20.218,83.312531,0.47040077651317536,2SI1,MORRO AZUL,HIDRAULICA,NO DESPACHADO CENTRALMENTE,NORMAL,RENG,AGUA,2016-09-10,OPERACION
2SS2,5385.6,24479105.2,366,5.3856,24.4791052,0.5188685386635628,2SS2,MAGALLO,HIDRAULICA,NO DESPACHADO CENTRALMENTE,NORMAL,HCCG,AGUA,2016-12-22,OPERACION
2SW1,19856.0,53891983.7,366,19.856,53.891983700000004,0.3098334475115811,2SW1,EL EDEN,HIDRAULICA,NO DESPACHADO CENTRALMENTE,NORMAL,PRIG,AGUA,2017-03-02,OPERACION
2SXQ,30654.08,69765836.85,181,30.65408,69.76583685,0.2598067411161035,2SXQ,BIOENERGY,COGENERADOR,NO DESPACHADO CENTRALMENTE,COGENERADOR,CHVG,BAGAZO,2017-04-22,OPERACION
2T1L,20029.59,69822589.74,281,20.02959,69.82258974,0.3979420081550989,2T1L,EL MOLINO,HIDRAULICA,NO DESPACHADO CENTRALMENTE,NORMAL,ISGG,AGUA,2017-04-19,OPERACION
2T4P,19964.19,70681408.42,278,19.96419,70.68140842,0.40415633838506565,2T4P,SAN MATIAS,HIDRAULICA,NO DESPACHADO CENTRALMENTE,NORMAL,ISGG,AGUA,2017-04-25,OPERACION
2T7D,4357.03,7647972.26,351,4.35703,7.6479722599999995,0.2003787428739134,2T7D,AUTOG CANTAYUS,HIDRAULICA,NO DESPACHADO CENTRALMENTE,AUTOGENERADOR,GECG,AGUA,2017-05-20,OPERACION
2TUT,19947.9,99315631.77,346,19.9479,99.31563177,0.5683505976562094,2TUT,LUZMA I,HIDRAULICA,NO DESPACHADO CENTRALMENTE,NORMAL,ISGG,AGUA,2017-10-07,OPERACION
2TUV,19705.2,96848383.57,346,19.7052,96.84838357,0.5610575659768363,2TUV,LUZMA II,HIDRAULICA,NO DESPACHADO CENTRALMENTE,NORMAL,ISGG,AGUA,2017-10-07,OPERACION
2TYI,6268.8,3994696.8,363,6.268800000000001,3.9946968,0.07274368562378064,2TYI,AUTOG CELSIA SOLAR YUMBO,SOLAR,NO DESPACHADO CENTRALMENTE,AUTOGENERADOR,EPSG,RAD SOLAR,2017-09-03,PRUEBAS
2U1G,2478.5,12999783.16,356,2.4785,12.99978316,0.5987466255459047,2U1G,LAS PALMAS,HIDRAULICA,NO DESPACHADO CENTRALMENTE,NORMAL,GNCG,AGUA,2017-08-30,OPERACION
2U5P,15750.0,63687308.0,244,15.75,63.687308,0.4616025802710735,2U5P,PROENCA II 1,TERMICA,NO DESPACHADO CENTRALMENTE,NORMAL,PECG,CARBON,2017-10-10,OPERACION
2U8Y,19771.09,169630694.92,366,19.77109,169.63069492,0.9794217000635107,2U8Y,TERMOMECHERO 5,TERMICA,NO DESPACHADO CENTRALMENTE,NORMAL,TMMG,GAS,2017-12-16,OPERACION
2U91,19738.85,157973754.0,366,19.73885,157.973754,0.9136060895971061,2U91,TERMOMECHERO 6,TERMICA,NO DESPACHADO CENTRALMENTE,NORMAL,TMMG,GAS,2018-02-02,OPERACION
2U93,19631.46,159601020.56,366,19.63146,159.60102056,0.92806620518672,2U93,TERMOMECHERO 4,TERMICA,NO DESPACHADO CENTRALMENTE,NORMAL,TMMG,GAS,2018-02-02,OPERACION
2UP2,11203.2,42598555.82,289,11.2032,42.59855582,0.4340589151224242,2UP2,COGENERADOR MANUELITA 2,COGENERADOR,NO DESPACHADO CENTRALMENTE,COGENERADOR,EEPG,BAGAZO,2024-12-06,OPERACION
2UPD,14423.81,39238294.74,204,14.42381,39.23829474,0.3105460617139964,2UPD,TEQUENDAMA 2,HIDRAULICA,NO DESPACHADO CENTRALMENTE,NORMAL,ENDG,AGUA,2018-02-28,OPERACION
2UPF,14540.5,35459189.61,202,14.5405,35.45918961,0.27838469758299095,2UPF,TEQUENDAMA 3,HIDRAULICA,NO DESPACHADO CENTRALMENTE,NORMAL,ENDG,AGUA,2018-02-28,OPERACION
2UPH,14510.29,36898770.64,189,14.510290000000001,36.89877064,0.2902897481183177,2UPH,TEQUENDAMA 4,HIDRAULICA,NO DESPACHADO CENTRALMENTE,NORMAL,ENDG,AGUA,2018-02-28,OPERACION
2UPJ,14504.61,38708617.53,185,14.504610000000001,38.70861753,0.3046474159235892,2UPJ,TEQUENDAMA 1,HIDRAULICA,NO DESPACHADO CENTRALMENTE,NORMAL,ENDG,AGUA,2018-02-28,OPERACION
2UR5,1204.3,4097888.0,355,1.2043,4.097888,0.3884376266627538,2UR5,SAN JOSE DE LA MONTAÑA II,HIDRAULICA,NO DESPACHADO CENTRALMENTE,NORMAL,GPEG,AGUA,2018-10-06,OPERACION
2UX3,18310.3,91208440.6,360,18.310299999999998,91.20844059999999,0.5686374577654312,2UX3,AURES BAJO,HIDRAULICA,NO DESPACHADO CENTRALMENTE,NORMAL,ABAG,AGUA,2018-12-12,OPERACION
2V25,13374.0,38076722.5,344,13.374,38.0767225,0.325008061883857,2V25,AUTOG ARGOS SOGAMOSO 1,TERMICA,NO DESPACHADO CENTRALMENTE,AUTOGENERADOR,SOCG,CARBON,2018-10-02,OPERACION
2V27,2369.18,778813.2,260,2.3691799999999996,0.7788132,0.03752590197382899,2V27,AUTOG COCA-COLA FEMSA 1,TERMICA,NO DESPACHADO CENTRALMENTE,AUTOGENERADOR,DEPG,GAS,2018-07-25,OPERACION
2V5G,4119.8,13937535.5,366,4.119800000000001,13.9375355,0.3861942000332063,2V5G,JUAN GARCIA,HIDRAULICA,NO DESPACHADO CENTRALMENTE,NORMAL,GPEG,AGUA,2018-09-12,OPERACION
2VJS,7937.76,14879008.59,366,7.93776,14.87900859,0.2139793798664569,2VJS,CELSIA SOLAR BOLIVAR,SOLAR,NO DESPACHADO CENTRALMENTE,NORMAL,EPSG,RAD SOLAR,2019-02-03,PRUEBAS
2WC5,7184.6,29063022.64,366,7.1846000000000005,29.06302264,0.46177889491437607,2WC5,MULATOS II,HIDRAULICA,NO DESPACHADO CENTRALMENTE,NORMAL,ESUG,AGUA,2019-08-26,OPERACION
2WFN,9941.0,41381598.15,324,9.941,41.381598149999995,0.4751963312998747,2WFN,TERMOCAPACHOS 1,TERMICA,NO DESPACHADO CENTRALMENTE,NORMAL,GSAG,GAS,2019-08-04,OPERACION
2XXR,732.29,2803563.09,351,0.73229,2.80356309,0.43704194872268776,2XXR,AGPE - ECOPETROL LA HORMIGA,TERMICA,NO DESPACHADO CENTRALMENTE,AUTOG PEQ. ESCALA,GECG,GAS,2019-09-16,OPERACION
2YB9,3499.82,17802758.31,366,3.49982,17.802758309999998,0.5806808195536943,2YB9,AUTOG ECOPETROL ORITO,TERMICA,NO DESPACHADO CENTRALMENTE,AUTOGENERADOR,GECG,GAS,2019-11-07,PRUEBAS
2YIR,811.44,2651324.07,347,0.81144,2.65132407,0.37299438660713435,2YIR,PCH LA LIBERTAD,HIDRAULICA,NO DESPACHADO CENTRALMENTE,NORMAL,EGEG,AGUA,2020-03-14,OPERACION
2YNA,4200.0,18487935.84,350,4.2,18.48793584,0.5024987997390736,2YNA,HIDROBARRANCAS,HIDRAULICA,NO DESPACHADO CENTRALMENTE,NORMAL,HBCG,AGUA,2020-11-26,OPERACION
2YWY,3887.52,10397493.03,303,3.88752,10.39749303,0.30531763903007364,2YWY,AUTOG TURGAS,TERMICA,NO DESPACHADO CENTRALMENTE,AUTOGENERADOR,TRPG,GAS,2020-02-08,OPERACION
2ZCF,22064.95,107426167.36,356,22.06495,107.42616736,0.5557801451693863,2ZCF,SAN ANDRES DE CUERQUIA,HIDRAULICA,NO DESPACHADO CENTRALMENTE,NORMAL,EPSG,AGUA,2020-06-11,OPERACION
2ZHY,9160.83,13105000.02,366,9.16083,13.10500002,0.1633044787964792,2ZHY,AUTOG CELSIA SOLAR ESPINAL,SOLAR,NO DESPACHADO CENTRALMENTE,AUTOGENERADOR,EPSG,RAD SOLAR,2020-05-31,PRUEBAS
2ZP9,19969.66,42845245.58,366,19.96966,42.84524558,0.24492203519771452,2ZP9,TRINA-VATIA BSLI,SOLAR,NO DESPACHADO CENTRALMENTE,NORMAL,ISGG,RAD SOLAR,2020-09-10,PRUEBAS
3A44,2689.8,4347832.8,359,2.6898,4.3478328,0.1845222489424788,3A44,PLANTA SOLAR BAYUNCA I,SOLAR,NO DESPACHADO CENTRALMENTE,NORMAL,UNGG,RAD SOLAR,2020-09-30,PRUEBAS
3ACC,8782.56,5410787.23,364,8.78256,5.41078723,0.0703291267140965,3ACC,CELSIA SOLAR CARMELO,SOLAR,NO DESPACHADO CENTRALMENTE,AUTOGENERADOR,EPSG,RAD SOLAR,2020-12-27,PRUEBAS
3ADA,3075.6,1881964.47,316,3.0756,1.88196447,0.06985177744580855,3ADA,AUTOG PTAR BELLO,TERMICA,NO DESPACHADO CENTRALMENTE,AUTOGENERADOR,EPMG,BIOGAS,2020-11-30,OPERACION
3AFQ,990.0,5395527.28,364,0.99,5.3955272800000005,0.622149264332826,3AFQ,POCUNE,HIDRAULICA,NO DESPACHADO CENTRALMENTE,NORMAL,RTAG,AGUA,2020-12-01,OPERACION
3AL6,385.84,22411.92,208,0.38583999999999996,0.02241192,0.00663082717231076,,,,,,,,,
3AQP,931.92,3348936.8,362,0.93192,3.3489367999999997,0.41022697384023,3AQP,CAUYA,HIDRAULICA,NO DESPACHADO CENTRALMENTE,NORMAL,SFEG,AGUA,2022-04-25,OPERACION
3AXV,1633.2,6081067.8,338,1.6332,6.0810678,0.42504642537215787,3AXV,AGPE INGENIO DE OCCIDENTE,TERMICA,NO DESPACHADO CENTRALMENTE,AUTOG PEQ. ESCALA,EMEG,BAGAZO,2021-03-03,OPERACION
3B4L,4908.75,8251894.44,366,4.90875,8.251894440000001,0.1919016210220078,3B4L,GRANJA SOLAR BELMONTE,SOLAR,NO DESPACHADO CENTRALMENTE,NORMAL,EEPG,RAD SOLAR,2021-04-30,PRUEBAS
3BZB,9514.99,6290002.85,355,9.51499,6.29000285,0.07546375298584981,3BZB,CELSIA SOLAR LA PAILA,SOLAR,NO DESPACHADO CENTRALMENTE,NORMAL,EPSG,RAD SOLAR,2021-08-07,PRUEBAS
3C3X,751.68,600393.12,248,0.7516799999999999,0.60039312,0.09117979379158721,3C3X,AUTOG INGENIO MARIA LUISA 1,TERMICA,NO DESPACHADO CENTRALMENTE,AUTOGENERADOR,DEPG,BAGAZO,2021-08-14,OPERACION
3C3Z,19841.1,44723727.36,366,19.841099999999997,44.72372736,0.2573167984016574,3C3Z,LA SIERPE,SOLAR,NO DESPACHADO CENTRALMENTE,NORMAL,AAGG,RAD SOLAR,2021-09-25,PRUEBAS
3C4V,4900.0,20301360.0,323,4.9,20.30136,0.4729605814928711,3C4V,AUTOG TERMOTAME,TERMICA,NO DESPACHADO CENTRALMENTE,AUTOGENERADOR,GSAG,GAS,2021-09-02,OPERACION
3CG9,15075.6,49636497.18,364,15.0756,49.63649718,0.3758568018102008,3CG9,LA CHORRERA,HIDRAULICA,NO DESPACHADO CENTRALMENTE,NORMAL,HEMG,AGUA,2022-05-31,OPERACION
3CSH,9466.8,18641539.9,366,9.4668,18.641539899999998,0.22478870040032234,3CSH,GY SOLAR AURORA,SOLAR,NO DESPACHADO CENTRALMENTE,NORMAL,GNYG,RAD SOLAR,2022-08-11,PRUEBAS
3DDT,146019.02,284679110.34,359,146.01901999999998,284.67911033999997,0.22255741297001197,3DDT,LATAM SOLAR LA LOMA,SOLAR,DESPACHADO CENTRALMENTE,NORMAL,ENDG,RAD SOLAR,2024-06-24,OPERACION
3DSO,15907.91,26131575.919999998,366,15.90791,26.13157592,0.18752033496997067,3DSO,HELIOS I,SOLAR,NO DESPACHADO CENTRALMENTE,NORMAL,EBSG,RAD SOLAR,2022-03-03,PRUEBAS
3DXJ,754.14,2337219.31,269,0.75414,2.33721931,0.3537882320337551,3DXJ,LAS VIOLETAS,HIDRAULICA,NO DESPACHADO CENTRALMENTE,NORMAL,PCYG,AGUA,2022-03-30,OPERACION
3E7C,7044.73,6561947.72,366,7.0447299999999995,6.56194772,0.10633207943446206,3E7C,AUTOG CELSIA SOLAR LEVAPAN,SOLAR,NO DESPACHADO CENTRALMENTE,AUTOGENERADOR,EPSG,RAD SOLAR,2022-06-11,PRUEBAS
3E98,764.4,34467.6,22,0.7644,0.0344676,0.0051473803430750606,,,,,,,,,
3E9I,9877.04,44498982.8,366,9.877040000000001,44.4989828,0.5143031269568236,3E9I,ZEUS,HIDRAULICA,NO DESPACHADO CENTRALMENTE,NORMAL,CHZG,AGUA,2022-05-19,OPERACION
3EBN,9894.24,20620745.74,360,9.89424,20.620745739999997,0.2379128067113592,3EBN,GR PARQUE SOLAR TUCANES,SOLAR,NO DESPACHADO CENTRALMENTE,NORMAL,EPSG,RAD SOLAR,2022-05-31,PRUEBAS
3ED1,1852.95,268458.55,110,1.85295,0.26845854999999996,0.016539007094820164,3ED1,AUTOG GRAN COLOMBIA GOLD,HIDRAULICA,NO DESPACHADO CENTRALMENTE,AUTOGENERADOR,PRIG,AGUA,2022-05-31,OPERACION
3EDL,17908.69,42375514.51,366,17.90869,42.375514509999995,0.27011397824975203,3EDL,BOSQUES SOLARES DE LOS LLANOS 5,SOLAR,NO DESPACHADO CENTRALMENTE,NORMAL,ISGG,RAD SOLAR,2022-09-12,OPERACION
3EE4,18893.94,84645641.09,365,18.893939999999997,84.64564109,0.5114202975486674,3EE4,PARQUE EOLICO GUAJIRA I,EOLICA,NO DESPACHADO CENTRALMENTE,NORMAL,ISGG,VIENTO,2022-04-30,PRUEBAS
3EFY,19907.75,46835564.82,366,19.90775,46.83556482,0.2685650394637044,3EFY,BOSQUES SOLARES DE LOS LLANOS 4,SOLAR,NO DESPACHADO CENTRALMENTE,NORMAL,ISGG,RAD SOLAR,2022-09-12,OPERACION
3ENA,201088.28,457929887.72,222,201.08828,457.92988772,0.25996095514815454,3ENA,TESORITO,TERMICA,DESPACHADO CENTRALMENTE,NORMAL,EPSG,GAS,2022-09-13,OPERACION
3ENE,19695.26,44196376.85,366,19.695259999999998,44.19637685,0.2561656205025193,3ENE,SINCE,SOLAR,NO DESPACHADO CENTRALMENTE,NORMAL,EPSG,RAD SOLAR,2022-09-10,PRUEBAS
3EP6,2340.58,2886328.02,365,2.34058,2.88632802,0.14077258628203265,3EP6,AUTOG CELSIA SOLAR HARINAS,SOLAR,NO DESPACHADO CENTRALMENTE,AUTOGENERADOR,EPSG,RAD SOLAR,2022-09-21,PRUEBAS
3EV1,11046.73,21052082.29,366,11.04673,21.052082289999998,0.2175490612034131,3EV1,LOS CABALLEROS,SOLAR,NO DESPACHADO CENTRALMENTE,NORMAL,EPSG,RAD SOLAR,2022-09-15,PRUEBAS
3EV3,10851.85,21127995.43,366,10.85185,21.12799543,0.2222544197007168,3EV3,LA MEDINA,SOLAR,NO DESPACHADO CENTRALMENTE,NORMAL,EPSG,RAD SOLAR,2022-09-15,PRUEBAS
3EXB,11136.0,24964839.82,366,11.136,24.96483982,0.2559148311207553,3EXB,CERRITOS,SOLAR,NO DESPACHADO CENTRALMENTE,NORMAL,EPSG,RAD SOLAR,2022-09-19,PRUEBAS
3EXH,13039.03,64146401.28,365,13.03903,64.14640128,0.5615945778133195,3EXH,PARQUE EÓLICO WESP01,EOLICA,NO DESPACHADO CENTRALMENTE,NORMAL,ISGG,VIENTO,2022-08-31,PRUEBAS
3F5L,783.08,989010.0,363,0.78308,0.98901,0.14417516081563422,3F5L,AUTOG CI JEANS,SOLAR,NO DESPACHADO CENTRALMENTE,AUTOGENERADOR,ERRG,RAD SOLAR,2023-08-25,PRUEBAS
3F5N,1997.6,237614.6,315,1.9975999999999998,0.2376146,0.013578771694983753,3F5N,AUTOG PINTUCO,SOLAR,NO DESPACHADO CENTRALMENTE,AUTOGENERADOR,ERRG,RAD SOLAR,2023-08-25,PRUEBAS
3FCD,3809.48,1707657.6,356,3.80948,1.7076576,0.051171835051445555,3FCD,AUTOG CELSIA SOLAR PALMIRA 3,SOLAR,NO DESPACHADO CENTRALMENTE,AUTOGENERADOR,EPSG,RAD SOLAR,2023-03-30,PRUEBAS
3FCF,10094.88,21358962.59,366,10.09488,21.35896259,0.24153211713110753,3FCF,GRANJA SOLAR LANCEROS,SOLAR,NO DESPACHADO CENTRALMENTE,NORMAL,EPSG,RAD SOLAR,2023-01-30,PRUEBAS
3GFQ,4.99,5944.2,366,0.0049900000000000005,0.0059442,0.13598429736184697,3GFQ,AGPE FERCH2,SOLAR,NO DESPACHADO CENTRALMENTE,AUTOG PEQ. ESCALA,RTQG,RAD SOLAR,2022-11-17,OPERACION
3GI6,112.57,196700.3,362,0.11256999999999999,0.1967003,0.19947030422065137,3GI6,GRANJA SOLAR EL SALADO,SOLAR,NO DESPACHADO CENTRALMENTE,NORMAL,FERG,RAD SOLAR,2023-06-17,OPERACION
3GJQ,3834.61,6883823.32,366,3.83461,6.88382332,0.2049294660757354,3GJQ,TERMOTASAJERO DOS SOLAR,SOLAR,NO DESPACHADO CENTRALMENTE,NORMAL,TERG,RAD SOLAR,2022-12-26,PRUEBAS
3GJU,6427.28,23678753.78,306,6.42728,23.67875378,0.4205595655510397,3GJU,AUTOG INGENIO CARMELITA,TERMICA,NO DESPACHADO CENTRALMENTE,AUTOGENERADOR,DEPG,BAGAZO,2022-12-30,OPERACION
3GPZ,9892.8,19484246.55,365,9.8928,19.48424655,0.22483311683438242,3GPZ,MONTELIBANO,SOLAR,NO DESPACHADO CENTRALMENTE,NORMAL,EPSG,RAD SOLAR,2022-12-21,PRUEBAS
3GRD,10371.33,23227837.96,366,10.37133,23.227837960000002,0.2556643820801273,3GRD,GRANJA SOLAR SAN FELIPE,SOLAR,NO DESPACHADO CENTRALMENTE,NORMAL,EPSG,RAD SOLAR,2023-01-30,PRUEBAS
3GSF,4014.0,3625453.55,320,4.014,3.62545355,0.1031052716747093,3GSF,AUTOG BUGA I GRASAS,SOLAR,NO DESPACHADO CENTRALMENTE,AUTOGENERADOR,EPSG,RAD SOLAR,2023-04-15,PRUEBAS
3GVI,20878.51,47300059.94,359,20.87851,47.30005994,0.25861760352923596,3GVI,GRANJA SOLAR FLANDES,SOLAR,NO DESPACHADO CENTRALMENTE,NORMAL,EPSG,RAD SOLAR,2023-03-27,PRUEBAS
3GVK,21492.73,48117918.62,362,21.492729999999998,48.11791862,0.25557074808434693,3GVK,CELSIA SOLAR DULIMA,SOLAR,NO DESPACHADO CENTRALMENTE,NORMAL,EPSG,RAD SOLAR,2023-03-27,PRUEBAS
3GVM,9982.08,22225573.89,361,9.98208,22.22557389,0.25417207327311364,3GVM,CELSIA SOLAR YUMA,SOLAR,NO DESPACHADO CENTRALMENTE,NORMAL,EPSG,RAD SOLAR,2023-03-27,PRUEBAS
3H2U,9291.7,10673409.23,100,9.2917,10.67340923,0.13113054782087397,3H2U,TZ II,HIDRAULICA,NO DESPACHADO CENTRALMENTE,NORMAL,CTZG,AGUA,2021-12-31,PRUEBAS
3HBN,10751.4,21434641.39,363,10.7514,21.43464139,0.22758681390373034,3HBN,TIERRA LINDA,SOLAR,NO DESPACHADO CENTRALMENTE,NORMAL,AAGG,RAD SOLAR,2023-04-04,PRUEBAS
3HBP,21560.4,44122533.28,361,21.5604,44.12253328,0.23361435166230254,3HBP,LA TOLUA,SOLAR,NO DESPACHADO CENTRALMENTE,NORMAL,AAGG,RAD SOLAR,2023-04-04,PRUEBAS
3HDE,20059.27,132616660.12,366,20.05927,132.61666012,0.7547078304221695,3HDE,SAN BARTOLOME,HIDRAULICA,NO DESPACHADO CENTRALMENTE,NORMAL,PSBG,AGUA,2023-05-14,OPERACION
3HDG,20030.48,132962352.99,359,20.03048,132.96235299,0.7577627095279397,3HDG,OIBITA,HIDRAULICA,NO DESPACHADO CENTRALMENTE,NORMAL,PSBG,AGUA,2023-05-14,OPERACION
3HE8,2958.0,1830847.8,364,2.958,1.8308478000000001,0.0706561495642187,3HE8,AUTOG CELSIA SOLAR PALMIRA 3 ZONA FRANCA,SOLAR,NO DESPACHADO CENTRALMENTE,AUTOGENERADOR,EPSG,RAD SOLAR,2023-04-30,PRUEBAS
3HF5,101722.82,228457286.98,366,101.72282000000001,228.45728698,0.25637904032074255,3HF5,FUNDACION,SOLAR,DESPACHADO CENTRALMENTE,NORMAL,ENDG,RAD SOLAR,2024-06-24,OPERACION
3HF7,21323.75,46477991.88,363,21.32375,46.477991880000005,0.24881678108289762,3HF7,CELSIA SOLAR LA VICTORIA II,SOLAR,NO DESPACHADO CENTRALMENTE,NORMAL,EPSG,RAD SOLAR,2023-08-30,PRUEBAS
3HF9,20609.23,46545950.53,366,20.60923,46.54595053,0.2578196600442826,3HF9,CELSIA SOLAR LA VICTORIA I,SOLAR,NO DESPACHADO CENTRALMENTE,NORMAL,EPSG,RAD SOLAR,2023-08-30,PRUEBAS
3HG7,8.74,14709.99,366,0.00874,0.01470999,0.19213073257891602,3HG7,COMUNIDAD EL SALVADOR I,SOLAR,NO DESPACHADO CENTRALMENTE,GEN. DISTRIBUIDA,ERRG,RAD SOLAR,2023-03-24,OPERACION
3HG9,2.8,4468.6,348,0.0028,0.0044686000000000005,0.18218362687540773,3HG9,COMUNIDAD EL SALVADOR II,SOLAR,NO DESPACHADO CENTRALMENTE,GEN. DISTRIBUIDA,ERRG,RAD SOLAR,2023-03-24,OPERACION
3HLD,9878.4,21374827.36,366,9.8784,21.37482736,0.2470085019221866,3HLD,LOS GIRASOLES,SOLAR,NO DESPACHADO CENTRALMENTE,NORMAL,PSGG,RAD SOLAR,2023-08-05,PRUEBAS
3HS9,5872.95,4211819.7,279,5.8729499999999994,4.2118197,0.08186709160071828,3HS9,AUTOG BUGA I SOLLA,SOLAR,NO DESPACHADO CENTRALMENTE,AUTOGENERADOR,EPSG,RAD SOLAR,2023-06-16,PRUEBAS
3HWK,1270.94,861196.88,357,1.27094,0.86119688,0.07735231098141648,3HWK,AGPE EL ENCANTO,SOLAR,NO DESPACHADO CENTRALMENTE,AUTOG PEQ. ESCALA,NMRG,RAD SOLAR,2023-06-08,OPERACION
3HWM,10959.04,22789340.330000002,364,10.959040000000002,22.78934033,0.23738601818420782,3HWM,PETALO DEL MAGDALENA,SOLAR,NO DESPACHADO CENTRALMENTE,NORMAL,EPSG,RAD SOLAR,2023-08-05,PRUEBAS
3HYG,1037.6,1911096.72,364,1.0375999999999999,1.91109672,0.2102560967881624,3HYG,URUACO,SOLAR,NO DESPACHADO CENTRALMENTE,NORMAL,UNGG,RAD SOLAR,2023-06-18,OPERACION
3IJF,909.6,97563.0,335,0.9096000000000001,0.097563,0.01224420488909772,,,,,,,,,
3INX,48559.99,94966399.4,366,48.55999,94.9663994,0.2232478460872002,3INX,CARACOLI I,SOLAR,DESPACHADO CENTRALMENTE,NORMAL,SDCG,RAD SOLAR,2024-12-22,OPERACION
3IQA,35065.33,61566872.07,366,35.06533,61.56687207,0.20043107374579636,3IQA,SUNNORTE,SOLAR,DESPACHADO CENTRALMENTE,NORMAL,GNSG,RAD SOLAR,2024-11-26,OPERACION
3IRX,101911.82,204167313.77,366,101.91182,204.16731377000002,0.22869546416019754,3IRX,PORTON DEL SOL,SOLAR,DESPACHADO CENTRALMENTE,AUTOGENERADOR,GECG,RAD SOLAR,2024-03-08,OPERACION
3IRZ,2196.92,11257733.07,366,2.19692,11.25773307,0.5849686587997792,3IRZ,LA CASCADA DE GRANADA,HIDRAULICA,NO DESPACHADO CENTRALMENTE,NORMAL,SFEG,AGUA,2023-09-30,OPERACION
3IS2,1863.0,3817864.12,366,1.863,3.8178641200000003,0.23393947259416126,3IS2,PARQUE SOLAR ARENAL,SOLAR,NO DESPACHADO CENTRALMENTE,NORMAL,EGRG,RAD SOLAR,2023-12-30,PRUEBAS
3IZ6,104835.59,215442056.14,366,104.83559,215.44205613999998,0.2345943970469776,3IZ6,PARQUE SOLAR LA UNION,SOLAR,DESPACHADO CENTRALMENTE,NORMAL,SLUG,RAD SOLAR,2024-06-19,OPERACION
3J1J,15623.25,21049636.03,365,15.62325,21.049636030000002,0.15380452130273292,3J1J,PARQUE SOLAR HONDA I,SOLAR,NO DESPACHADO CENTRALMENTE,NORMAL,AAGG,RAD SOLAR,2023-12-28,PRUEBAS
3J2B,19880.0,40315907.84,366,19.88,40.31590784,0.23150264509431018,3J2B,SOLAR PLANETA RICA,SOLAR,NO DESPACHADO CENTRALMENTE,NORMAL,EPSG,RAD SOLAR,2024-04-17,OPERACION
3J2H,9498.0,19379588.28,366,9.498,19.37958828,0.23292080091843417,3J2H,PETALO DE CORDOBA II,SOLAR,NO DESPACHADO CENTRALMENTE,NORMAL,BCCG,RAD SOLAR,2023-12-16,PRUEBAS
3J4D,9966.36,25402779.419999998,366,9.96636,25.402779419999998,0.29096487226866796,3J4D,CAIMAN CIENAGUERO,SOLAR,NO DESPACHADO CENTRALMENTE,NORMAL,GNYG,RAD SOLAR,2023-12-15,PRUEBAS
3J4R,9921.6,19667370.5,366,9.9216,19.6673705,0.22628745552344998,3J4R,PARQUE SOLAR DINAMARCA,SOLAR,NO DESPACHADO CENTRALMENTE,NORMAL,GNYG,RAD SOLAR,2024-03-11,PRUEBAS
3J4T,10232.55,19433650.44,366,10.23255,19.43365044,0.21680355791814776,3J4T,PARQUE SOLAR VERSALLES,SOLAR,NO DESPACHADO CENTRALMENTE,NORMAL,GNYG,RAD SOLAR,2024-03-11,PRUEBAS
3J4V,10491.08,20828641.15,349,10.49108,20.82864115,0.22664003719498138,3J4V,PARQUE SOLAR LA MENA,SOLAR,NO DESPACHADO CENTRALMENTE,NORMAL,GNYG,RAD SOLAR,2024-02-16,PRUEBAS
3J83,9501.9,16570466.56,339,9.5019,16.57046656,0.19907658170360645,3J83,GUAMO,SOLAR,NO DESPACHADO CENTRALMENTE,NORMAL,ERRG,RAD SOLAR,2026-07-30,OPERACION
3J85,10497.0,18867919.84,337,10.497,18.86791984,0.20518930435875785,3J85,NUMBANA,SOLAR,NO DESPACHADO CENTRALMENTE,NORMAL,ERRG,RAD SOLAR,2024-09-20,PRUEBAS
3JBP,979.09,1723823.06,337,0.97909,1.72382306,0.20098607312698477,3JBP,LA NENERA,SOLAR,NO DESPACHADO CENTRALMENTE,GEN. DISTRIBUIDA,ESNG,RAD SOLAR,2024-01-13,OPERACION
3JNR,5923.5,14803174.1,256,5.9235,14.8031741,0.28528067140670643,3JNR,AUTOG UNIBOL 1,TERMICA,NO DESPACHADO CENTRALMENTE,AUTOGENERADOR,COGG,GAS,2024-02-11,OPERACION
3JP6,1016.04,1623110.14,315,1.01604,1.6231101399999999,0.18236146771987363,3JP6,GD BASILICA,SOLAR,NO DESPACHADO CENTRALMENTE,GEN. DISTRIBUIDA,EPSG,RAD SOLAR,2024-02-16,OPERACION
3JP8,621.72,1001228.1,314,0.62172,1.0012281,0.18383749148407555,3JP8,GD LA URIBE,SOLAR,NO DESPACHADO CENTRALMENTE,GEN. DISTRIBUIDA,EPSG,RAD SOLAR,2024-03-14,OPERACION
3JPA,638.04,1073129.17,317,0.6380399999999999,1.0731291699999999,0.19199945130191806,3JPA,GD ALFEREZ,SOLAR,NO DESPACHADO CENTRALMENTE,GEN. DISTRIBUIDA,EPSG,RAD SOLAR,2024-02-22,OPERACION
3JPC,1012.23,1349550.75,313,1.01223,1.34955075,0.15219693626401168,3JPC,GD CHICORAL,SOLAR,NO DESPACHADO CENTRALMENTE,GEN. DISTRIBUIDA,EPSG,RAD SOLAR,2024-05-19,OPERACION
3JPE,633.57,1009252.38,309,0.6335700000000001,1.00925238,0.18184487728918597,3JPE,GD LOS CHORROS,SOLAR,NO DESPACHADO CENTRALMENTE,GEN. DISTRIBUIDA,EPSG,RAD SOLAR,2024-02-16,OPERACION
3JPK,1052.34,1774852.2,302,1.0523399999999998,1.7748522,0.19253159495043143,3JPK,MINIGRANJA SAN PEDRO,SOLAR,NO DESPACHADO CENTRALMENTE,GEN. DISTRIBUIDA,NTCG,RAD SOLAR,2024-02-27,OPERACION
3JPM,1398.82,1711278.98,298,1.39882,1.71127898,0.13965448144518938,3JPM,BARAYA,SOLAR,NO DESPACHADO CENTRALMENTE,GEN. DISTRIBUIDA,UNGG,RAD SOLAR,2024-02-18,OPERACION
3JQA,1019.64,1419458.45,314,1.0196399999999999,1.41945845,0.15891749621900758,3JQA,GD EL BANCO,SOLAR,NO DESPACHADO CENTRALMENTE,GEN. DISTRIBUIDA,EPSG,RAD SOLAR,2024-02-22,OPERACION
3JQC,1501.04,2023209.92,311,1.50104,2.0232099199999998,0.15386667679054544,3JQC,GANDALF,SOLAR,NO DESPACHADO CENTRALMENTE,GEN. DISTRIBUIDA,UNGG,RAD SOLAR,2024-02-22,OPERACION
3JQE,1088.65,2092598.61,312,1.0886500000000001,2.09259861,0.21942876026547897,3JQE,CANAHUATE,SOLAR,NO DESPACHADO CENTRALMENTE,GEN. DISTRIBUIDA,UNGG,RAD SOLAR,2024-02-22,OPERACION
3K6T,10407.6,14896606.06,265,10.4076,14.89660606,0.16339269437104356,3K6T,SOLAR ALEJANDRIA,SOLAR,NO DESPACHADO CENTRALMENTE,NORMAL,GNYG,RAD SOLAR,2024-04-27,PRUEBAS
3K6X,1030.2,1634146.25,292,1.0302,1.63414625,0.18107782524827826,3K6X,GD LA HONDA,SOLAR,NO DESPACHADO CENTRALMENTE,GEN. DISTRIBUIDA,EPSG,RAD SOLAR,2024-03-14,OPERACION
3K8A,1438.8,344986.8,254,1.4387999999999999,0.3449868,0.02737145871178798,3K8A,CELSIA SOLAR ALUMINA,SOLAR,NO DESPACHADO CENTRALMENTE,AUTOGENERADOR,EPSG,RAD SOLAR,2024-03-24,PRUEBAS
3K8C,19863.23,22947261.42,231,19.863229999999998,22.94726142,0.13187937663768476,3K8C,BSB 503,SOLAR,NO DESPACHADO CENTRALMENTE,NORMAL,ISGG,RAD SOLAR,2024-09-26,OPERACION
3K8E,19858.8,23327012.29,235,19.8588,23.32701229,0.13409173496621307,3K8E,BSB 504,SOLAR,NO DESPACHADO CENTRALMENTE,NORMAL,ISGG,RAD SOLAR,2024-09-27,OPERACION
3KJK,9918.0,10676989.87,230,9.918,10.67698987,0.1228911534629625,3KJK,SOL Y CIELO I,SOLAR,NO DESPACHADO CENTRALMENTE,NORMAL,EYCG,RAD SOLAR,2024-05-26,PRUEBAS
3KL4,24800.85,37355872.16,248,24.800849999999997,37.35587216,0.17194446835638819,,,,,,,,,
3KLQ,5309.0,21596499.0,209,5.309,21.596499,0.46437253100834197,3KLQ,AUTOG TERMOMACAGUA 1,TERMICA,NO DESPACHADO CENTRALMENTE,AUTOGENERADOR,GSAG,GAS,2024-06-29,OPERACION
3KOD,6615.32,777953.52,94,6.61532,0.7779535200000001,0.013424517551993675,,,,,,,,,
3KOL,1022.82,893223.21,220,1.02282,0.8932232099999999,0.09969116742243374,3KOL,GD PALERMO,SOLAR,NO DESPACHADO CENTRALMENTE,GEN. DISTRIBUIDA,EPSG,RAD SOLAR,2024-12-03,OPERACION
3KVZ,2571.6,403314.6,214,2.5716,0.40331459999999997,0.017903437335532273,3KVZ,AUTOG BIOS CONTEGRAL CARTAGO,SOLAR,NO DESPACHADO CENTRALMENTE,AUTOGENERADOR,EPMG,RAD SOLAR,2024-05-24,PRUEBAS
3KXQ,1446.13,149286.62,171,1.4461300000000001,0.14928662,0.011784453401957993,3KXQ,AUTOG BIOS CONTEGRAL NEIVA,SOLAR,NO DESPACHADO CENTRALMENTE,AUTOGENERADOR,EPMG,RAD SOLAR,2024-05-24,PRUEBAS
3L9B,6569.61,1792012.69,213,6.56961,1.79201269,0.03113847833825738,3L9B,AUTOG EL COPEY,SOLAR,NO DESPACHADO CENTRALMENTE,AUTOGENERADOR,GECG,RAD SOLAR,2024-05-31,PRUEBAS
3LLY,10859.1,8272276.23,170,10.8591,8.272276230000001,0.08696151343554671,3LLY,PARQUE SOLAR HONDA II,SOLAR,NO DESPACHADO CENTRALMENTE,NORMAL,AAGG,RAD SOLAR,2024-08-31,PRUEBAS
3LMH,9936.0,9256173.34,177,9.936,9.25617334,0.10634468520908241,3LMH,JEQUES,SOLAR,NO DESPACHADO CENTRALMENTE,NORMAL,GNYG,RAD SOLAR,2024-10-04,PRUEBAS
3LMJ,10236.8,9132689.67,155,10.236799999999999,9.13268967,0.1018428105342209,3LMJ,CELSIA SOLAR BUGALAGRANDE,SOLAR,NO DESPACHADO CENTRALMENTE,NORMAL,EPSG,RAD SOLAR,2024-09-21,PRUEBAS
3MHB,1117.05,937064.77,138,1.1170499999999999,0.93706477,0.09576193022268578,3MHB,MINIGRANJA LA PAZ VALLENATA,SOLAR,NO DESPACHADO CENTRALMENTE,GEN. DISTRIBUIDA,UNGG,RAD SOLAR,2024-08-13,OPERACION
3MS2,18957.6,10026701.1,128,18.9576,10.0267011,0.06037687166053619,3MS2,CELSIA SOLAR PUERTO TEJADA,SOLAR,NO DESPACHADO CENTRALMENTE,AUTOGENERADOR,EPSG,RAD SOLAR,2026-02-18,OPERACION
3N5E,16.82,6577.15,167,0.01682,0.0065771499999999995,0.04463830024052687,3N5E,AGPE SUB LIBERTADOR,SOLAR,NO DESPACHADO CENTRALMENTE,AUTOG PEQ. ESCALA,CSSG,RAD SOLAR,2024-07-18,OPERACION
3NDE,977.55,500278.65,101,0.9775499999999999,0.50027865,0.0584209860687503,3NDE,GD ERCO TOLDADO,SOLAR,NO DESPACHADO CENTRALMENTE,GEN. DISTRIBUIDA,ERRG,RAD SOLAR,2024-09-19,OPERACION
3NGJ,1011.84,694938.6900000001,132,1.01184,0.6949386900000001,0.0784026137382704,3NGJ,GD CHIMBI,SOLAR,NO DESPACHADO CENTRALMENTE,GEN. DISTRIBUIDA,EPSG,RAD SOLAR,2024-08-28,OPERACION
3NLE,1067.0,726596.62,127,1.067,0.72659662,0.0777364757588596,3NLE,GD NAOS I,SOLAR,NO DESPACHADO CENTRALMENTE,GEN. DISTRIBUIDA,UNGG,RAD SOLAR,2024-08-27,OPERACION
3NLG,3069.88,1395010.98,81,3.06988,1.39501098,0.0518742845867341,3NLG,ROVIRA,SOLAR,NO DESPACHADO CENTRALMENTE,NORMAL,CTCG,RAD SOLAR,2025-02-14,PRUEBAS
3NLZ,9963.6,5520620.0600000005,94,9.9636,5.520620060000001,0.0632510106192935,3NLZ,SOLAR OLD T,SOLAR,NO DESPACHADO CENTRALMENTE,NORMAL,GNCG,RAD SOLAR,2024-10-16,PRUEBAS
3NNZ,4900.0,5733276.0,50,4.9,5.733276,0.1335680738048644,3NNZ,AUTOG TERMOCOROCITO 1,TERMICA,NO DESPACHADO CENTRALMENTE,AUTOGENERADOR,GSAG,GAS,2024-10-29,OPERACION
3NR4,1051.73,591943.07,99,1.05173,0.5919430699999999,0.06424976925384993,3NR4,MINIGRANJA EL MOLINO,SOLAR,NO DESPACHADO CENTRALMENTE,GEN. DISTRIBUIDA,UNGG,RAD SOLAR,2024-09-30,OPERACION
3NR8,1068.07,596204.47,107,1.0680699999999999,0.59620447,0.06372229442318034,3NR8,LA INGLESA,SOLAR,NO DESPACHADO CENTRALMENTE,GEN. DISTRIBUIDA,UNGG,RAD SOLAR,2024-09-16,OPERACION
3NU4,936.24,508850.1,106,0.93624,0.5088501,0.062043825257310205,3NU4,GD FINCA JM,SOLAR,NO DESPACHADO CENTRALMENTE,GEN. DISTRIBUIDA,GNYG,RAD SOLAR,2024-09-16,OPERACION
3PK3,1262.62,171914.87,90,1.2626199999999999,0.17191487,0.015543065340179433,3PK3,AUTOG MILPA SAN CARLOS,SOLAR,NO DESPACHADO CENTRALMENTE,AUTOGENERADOR,ENDG,RAD SOLAR,2024-09-29,PRUEBAS
3PKF,1500.0,165672.0,96,1.5,0.165672,0.012608219178082193,3PKF,AUTOG UNIMINAS,SOLAR,NO DESPACHADO CENTRALMENTE,AUTOGENERADOR,ENDG,RAD SOLAR,2024-09-29,PRUEBAS
3PKH,12309.99,3436414.73,67,12.309989999999999,3.43641473,0.0318671896995595,,,,,,,,,
3PKN,9882.91,1793053.52,68,9.882909999999999,1.79305352,0.020711154395400215,,,,,,,,,
3PWF,8698.8,1338751.2,79,8.698799999999999,1.3387512,0.017568570314532444,3PWF,AUTOG SOLAR PALMIRA II BERRY,SOLAR,NO DESPACHADO CENTRALMENTE,AUTOGENERADOR,EPSG,RAD SOLAR,2025-12-13,OPERACION
3PXC,19118.03,2847898.27,34,19.118029999999997,2.84789827,0.017005023124110747,3PXC,BSB 501,SOLAR,NO DESPACHADO CENTRALMENTE,NORMAL,ISGG,RAD SOLAR,2025-11-01,OPERACION
3PXE,18936.99,4106149.17,50,18.93699,4.10614917,0.02475253404717578,3PXE,BSB 500,SOLAR,NO DESPACHADO CENTRALMENTE,NORMAL,ISGG,RAD SOLAR,2025-11-05,OPERACION
3PXF,19312.2,4590548.79,54,19.3122,4.59054879,0.02713493284038069,3PXF,BSB 502,SOLAR,NO DESPACHADO CENTRALMENTE,NORMAL,ISGG,RAD SOLAR,2025-11-19,OPERACION
3PXH,9879.3,1641615.1,36,9.879299999999999,1.6416151,0.01896885245090896,3PXH,CENTRO SOLAR,SOLAR,NO DESPACHADO CENTRALMENTE,NORMAL,GRCG,RAD SOLAR,2024-12-11,PRUEBAS
3PXJ,9714.0,808850.18,20,9.714,0.8088501800000001,0.00950530115645357,3PXJ,BUENAVISTA,SOLAR,NO DESPACHADO CENTRALMENTE,NORMAL,GRCG,RAD SOLAR,2024-02-29,PRUEBAS
3Q87,979.31,239140.81,45,0.9793099999999999,0.23914081,0.027875932262250255,3Q87,GD ERCO SALDANA I,SOLAR,NO DESPACHADO CENTRALMENTE,GEN. DISTRIBUIDA,ERRG,RAD SOLAR,2024-11-18,OPERACION
3Q89,979.37,245425.05,45,0.97937,0.24542504999999998,0.028606714744354104,3Q89,GD ERCO SALDANA II,SOLAR,NO DESPACHADO CENTRALMENTE,GEN. DISTRIBUIDA,ERRG,RAD SOLAR,2024-11-18,OPERACION
3Q99,4748.35,641485.58,13,4.74835,0.64148558,0.015421977631932034,3Q99,AUTOG BIODIANA 1,TERMICA,NO DESPACHADO CENTRALMENTE,AUTOGENERADOR,NTCG,BIOMASA,2025-01-25,OPERACION
3Q9K,1026.95,169058.95,27,1.02695,0.16905895,0.018792508783268096,3Q9K,MINIGRANJA LA PAZ VERSO,SOLAR,NO DESPACHADO CENTRALMENTE,GEN. DISTRIBUIDA,UNGG,RAD SOLAR,2025-01-18,OPERACION
3QCI,9761.4,2187657.08,46,9.7614,2.18765708,0.02558368096574215,3QCI,CONDOR,SOLAR,NO DESPACHADO CENTRALMENTE,NORMAL,TEMG,RAD SOLAR,2024-12-20,PRUEBAS
3QK6,774.18,26405.920000000002,28,0.77418,0.026405920000000003,0.0038936351096950897,3QK6,AUTOG BIOS CIENAGA ORO,SOLAR,NO DESPACHADO CENTRALMENTE,AUTOGENERADOR,EPMG,RAD SOLAR,2024-11-04,PRUEBAS
3QPE,88.99,22792.88,53,0.08899,0.02279288,0.029238419380146864,3QPE,GD BOCAS DEL PALO,SOLAR,NO DESPACHADO CENTRALMENTE,GEN. DISTRIBUIDA,EPSG,RAD SOLAR,2024-12-28,OPERACION
3QQ3,1037.72,244126.08000000002,53,1.03772,0.24412608000000002,0.026855292345336644,3QQ3,GD FINCA ISABEL LOPEZ,SOLAR,NO DESPACHADO CENTRALMENTE,GEN. DISTRIBUIDA,GNYG,RAD SOLAR,2024-11-10,OPERACION
3R9G,1055.47,220259.54,40,1.0554700000000001,0.22025954,0.023822356964217674,3R9G,GD EL ROBLE,SOLAR,NO DESPACHADO CENTRALMENTE,GEN. DISTRIBUIDA,PRIG,RAD SOLAR,2024-11-25,OPERACION
3RGX,8753.34,520516.74,14,8.75334,0.52051674,0.00678823388307574,3RGX,JUMI,SOLAR,NO DESPACHADO CENTRALMENTE,NORMAL,GNCG,RAD SOLAR,2025-01-17,PRUEBAS
3RGZ,999.0,132145.3,25,0.999,0.1321453,0.015100180088764563,3RGZ,MINIGRANJA LA PAZ LEYENDA,SOLAR,NO DESPACHADO CENTRALMENTE,GEN. DISTRIBUIDA,UNGG,RAD SOLAR,2024-12-02,OPERACION
3RH2,1886.8,255644.24,34,1.8868,0.25564423999999997,0.015466998314655143,3RH2,AUTOG HIDROSOLAR I,SOLAR,NO DESPACHADO CENTRALMENTE,AUTOGENERADOR,ERRG,RAD SOLAR,2026-05-29,OPERACION
3RKN,3948.0,99513.28,29,3.948,0.09951328,0.0028773970289563407,,,,,,,,,
3RKP,3883.0,1559686.41,17,3.883,1.5596864099999999,0.0458527926437333,,,,,,,,,
ABJ1,3036.0,11910049.8,316,3.036,11.910049800000001,0.4478243498113957,ABJ1,LA CASCADA ( ABEJORRAL),HIDRAULICA,NO DESPACHADO CENTRALMENTE,NORMAL,GPEG,AGUA,2007-09-17,OPERACION
AFR1,7318.8,50048951.34,366,7.3188,50.04895134,0.780640352187386,AFR1,AGUA FRESCA,HIDRAULICA,NO DESPACHADO CENTRALMENTE,NORMAL,ADCG,AGUA,2008-04-10,OPERACION
ALBG,420214.08,1511522712.11,366,420.21408,1511.52271211,0.4106198792936153,ALBG,ALBAN,HIDRAULICA,DESPACHADO CENTRALMENTE,NORMAL,EPSG,AGUA,2000-12-15,OPERACION
ALTG,19425.6,39821744.46,262,19.4256,39.82174446,0.23401394241238505,ALTG,ALTO TULUA,HIDRAULICA,NO DESPACHADO CENTRALMENTE,NORMAL,EPSG,AGUA,2012-05-28,OPERACION
AMA1,16871.71,40346750.75,323,16.87171,40.34675075,0.2729891317840262,AMA1,AMAIME,HIDRAULICA,NO DESPACHADO CENTRALMENTE,NORMAL,EPSG,AGUA,2011-01-06,OPERACION
AMF1,780.71,5022527.7,364,0.78071,5.0225277,0.7343929384264376,AMF1,AMALFI,HIDRAULICA,NO DESPACHADO CENTRALMENTE,GEN. DISTRIBUIDA,HZEG,AGUA,2007-08-05,OPERACION
AMR1,229.68,52885.08,118,0.22968,0.05288508,0.026284872818883212,AMR1,AMERICA,HIDRAULICA,NO DESPACHADO CENTRALMENTE,GEN. DISTRIBUIDA,EPMG,AGUA,1997-01-01,OPERACION
ARG1,15580.0,2723970.0,174,15.58,2.72397,0.019958631543777586,ARG1,TERMOFENIX I 1,TERMICA,NO DESPACHADO CENTRALMENTE,NORMAL,DEPG,GAS,2016-03-15,OPERACION
ASN1,441.05,3152134.98,351,0.44105,3.15213498,0.8158548016641483,ASN1,ASNAZU,HIDRAULICA,NO DESPACHADO CENTRALMENTE,NORMAL,CDIG,AGUA,1934-01-01,OPERACION
AYR1,14982.0,109946307.0,363,14.982,109.946307,0.8377351680464045,AYR1,AUTOG AYURA,HIDRAULICA,NO DESPACHADO CENTRALMENTE,AUTOGENERADOR,EPMG,AGUA,1983-10-26,OPERACION
BAR1,19792.33,109980608.48,365,19.792330000000003,109.98060848,0.6343297621722737,BAR1,BARROSO,HIDRAULICA,NO DESPACHADO CENTRALMENTE,NORMAL,ISGG,AGUA,2012-11-30,OPERACION
BLL3,297.0,255941.4,96,0.297,0.2559414,0.09837392186707256,BLL3,BELLO,HIDRAULICA,NO DESPACHADO CENTRALMENTE,NORMAL,EPMG,AGUA,1997-01-01,OPERACION
BLM1,3434.8,19200869.69,362,3.4348,19.20086969,0.6381390769762936,BLM1,BELMONTE,HIDRAULICA,NO DESPACHADO CENTRALMENTE,NORMAL,EEPG,AGUA,1939-01-01,OPERACION
BSQ1,1867.8,12551954.91,355,1.8678,12.551954910000001,0.7671440010003712,BSQ1,EL BOSQUE,HIDRAULICA,NO DESPACHADO CENTRALMENTE,NORMAL,ERCG,AGUA,1935-01-01,OPERACION
BYN1,814.59,2354549.95,161,0.81459,2.35454995,0.32996260802069743,BYN1,BAYONA,HIDRAULICA,NO DESPACHADO CENTRALMENTE,GEN. DISTRIBUIDA,CALG,AGUA,1943-01-01,OPERACION
CAS1,5844.6,11520626.59,291,5.844600000000001,11.52062659,0.22501796901233576,CAS1,CENTRAL CASTILLA 1,COGENERADOR,NO DESPACHADO CENTRALMENTE,COGENERADOR,RPEG,BAGAZO,2004-08-15,OPERACION
CCN1,4777.0,13573849.0,366,4.777,13.573849,0.3243722297576954,CCN1,COCONUCO,HIDRAULICA,NO DESPACHADO CENTRALMENTE,NORMAL,EMEG,AGUA,2000-09-27,OPERACION
CGM1,25160.0,129601728.0,347,25.16,129.601728,0.5880253500882027,CGM1,MAYAGUEZ 1,COGENERADOR,NO DESPACHADO CENTRALMENTE,COGENERADOR,EPSG,BAGAZO,2010-08-17,OPERACION
CHBG,512236.48,1695848238.76,366,512.23648,1695.84823876,0.3779308759766725,CHBG,BETANIA,HIDRAULICA,DESPACHADO CENTRALMENTE,NORMAL,ENDG,AGUA,1987-11-01,OPERACION
CHVR,1011743.37,2955827152.18,316,1011.74337,2955.8271521799998,0.3335066983321352,CHVR,CHIVOR,HIDRAULICA,DESPACHADO CENTRALMENTE,NORMAL,CHVG,AGUA,1977-05-23,OPERACION
CIP1,18400.0,106467784.0,345,18.4,106.467784,0.6605356859241612,CIP1,INGENIO PROVIDENCIA 2,COGENERADOR,NO DESPACHADO CENTRALMENTE,COGENERADOR,NTCG,BAGAZO,2009-05-18,OPERACION
CIS1,2824.8,9132238.5,347,2.8248,9.1322385,0.3690501909699995,CIS1,INGENIO SAN CARLOS 1,COGENERADOR,NO DESPACHADO CENTRALMENTE,COGENERADOR,EPSG,BAGAZO,2011-07-23,OPERACION
CLDR,19433.41,84864259.23,366,19.43341,84.86425923,0.4985075097650111,CLDR,CALDERAS,HIDRAULICA,NO DESPACHADO CENTRALMENTE,NORMAL,ISGG,AGUA,2006-06-30,OPERACION
CLL1,77266.55,389802033.2,366,77.26655000000001,389.8020332,0.5759018488004678,CLL1,CARLOS LLERAS,HIDRAULICA,DESPACHADO CENTRALMENTE,FILO AGUA ESPECIAL,HDPG,AGUA,2015-11-22,OPERACION
CLMG,139191.74,178392013.35999998,166,139.19173999999998,178.39201336,0.14630455145368534,CLMG,CALIMA,HIDRAULICA,DESPACHADO CENTRALMENTE,NORMAL,EPSG,AGUA,1967-01-01,OPERACION
CMN1,8884.33,56354792.92,364,8.88433,56.35479292,0.7241058739165233,CMN1,AUTOG CEMENTOS DEL NARE,HIDRAULICA,NO DESPACHADO CENTRALMENTE,AUTOGENERADOR,SOCG,AGUA,2004-09-01,OPERACION
COE1,1215.84,5830004.02,360,1.2158399999999998,5.83000402,0.5473792382709574,COE1,COELLO,HIDRAULICA,NO DESPACHADO CENTRALMENTE,NORMAL,ENGG,AGUA,2016-12-10,OPERACION
CPT1,785.15,3462571.91,227,0.78515,3.4625719100000003,0.5034334407205441,CPT1,CAMPESTRE (CALARCA),HIDRAULICA,NO DESPACHADO CENTRALMENTE,NORMAL,CALG,AGUA,1956-01-01,OPERACION
CQT1,30208.42,49018362.92,182,30.208419999999997,49.01836292,0.18523655092455565,CQT1,CHARQUITO,HIDRAULICA,NO DESPACHADO CENTRALMENTE,NORMAL,ENDG,AGUA,2003-08-22,OPERACION
CRC1,3770.24,30516684.48,364,3.77024,30.516684480000002,0.923983560946231,CRC1,CARACOLI,HIDRAULICA,NO DESPACHADO CENTRALMENTE,FILO DE AGUA,EPMG,AGUA,1935-01-01,OPERACION
CSC1,2377.46,14728573.55,364,2.37746,14.72857355,0.7072018088872484,CSC1,CASCADA,HIDRAULICA,NO DESPACHADO CENTRALMENTE,NORMAL,EPMG,AGUA,1954-01-01,OPERACION
CTG1,34964.37,11260802.44,22,34.96437,11.260802439999999,0.03676541949972521,CTG1,CARTAGENA 1,TERMICA,DESPACHADO CENTRALMENTE,NORMAL,NTCG,COMBUSTOLEO,1995-07-20,OPERACION
CTG2,49866.9,26236532.57,40,49.8669,26.23653257,0.06006064071782831,CTG2,CARTAGENA 2,TERMICA,DESPACHADO CENTRALMENTE,NORMAL,NTCG,COMBUSTOLEO,1980-01-01,OPERACION
CUC1,56686.88,182121817.51,358,56.686879999999995,182.12181751,0.36675438507481883,CUC1,CUCUANA,HIDRAULICA,DESPACHADO CENTRALMENTE,FILO DE AGUA,EPSG,AGUA,2015-07-29,OPERACION
CUR1,944.24,3867288.2,337,0.94424,3.8672882000000004,0.46754136205600544,CUR1,CURRUCUCUES,HIDRAULICA,NO DESPACHADO CENTRALMENTE,NORMAL,NRCG,AGUA,2010-08-18,OPERACION
DVS1,116942.81,294856983.16,315,116.94281,294.85698316,0.2878284946588022,DVS1,DARIO VALENCIA SAMPER,HIDRAULICA,DESPACHADO CENTRALMENTE,FILO DE AGUA,ENDG,AGUA,2013-11-10,OPERACION
EPFV,69976.38,173341384.21,366,69.97638,173.34138421,0.2827786925776511,EPFV,EL PASO,SOLAR,DESPACHADO CENTRALMENTE,NORMAL,ENDG,RAD SOLAR,2024-03-23,OPERACION
ESMR,30816.29,177391981.84,361,30.816290000000002,177.39198184,0.6571273257566994,ESMR,ESMERALDA,HIDRAULICA,DESPACHADO CENTRALMENTE,FILO DE AGUA,EPMG,AGUA,1963-01-01,OPERACION
FLRD,19994.0,72556189.48,360,19.994,72.55618948,0.41425777893185306,FLRD,FLORIDA,HIDRAULICA,NO DESPACHADO CENTRALMENTE,NORMAL,CDIG,AGUA,1975-01-01,OPERACION
GCA1,10017.96,36194335.97,252,10.017959999999999,36.19433597,0.41243661509499724,GCA1,CARUQUIA,HIDRAULICA,NO DESPACHADO CENTRALMENTE,NORMAL,ISGG,AGUA,2010-01-28,OPERACION
GCC1,969.5,6187186.65,319,0.9695,6.18718665,0.728519696637866,GCC1,GUACAICA,HIDRAULICA,NO DESPACHADO CENTRALMENTE,GEN. DISTRIBUIDA,EPMG,AGUA,1992-01-01,OPERACION
GE32,291746.94,1481268283.99,275,291.74694,1481.26828399,0.5795932357230379,GE32,GECELCA 32,TERMICA,DESPACHADO CENTRALMENTE,NORMAL,GECG,CARBON,2018-09-28,OPERACION
GEC3,165983.76,935141930.03,280,165.98376000000002,935.14193003,0.6431434127987629,GEC3,GECELCA 3,TERMICA,DESPACHADO CENTRALMENTE,NORMAL,GECG,CARBON,2015-09-17,OPERACION
GQA1,10014.69,44419018.78,268,10.01469,44.41901878,0.5063226364762401,GQA1,GUANAQUITAS,HIDRAULICA,NO DESPACHADO CENTRALMENTE,NORMAL,ISGG,AGUA,2010-06-30,OPERACION
GTPE,570648.0,2412529536.01,297,570.648,2412.5295360100004,0.4826143525774816,GTPE,GUATAPE,HIDRAULICA,DESPACHADO CENTRALMENTE,NORMAL,EPMG,AGUA,1972-01-01,OPERACION
GTRG,518820.0,2667074952.04,341,518.82,2667.07495204,0.586832834053179,GTRG,GUATRON,HIDRAULICA,DESPACHADO CENTRALMENTE,NORMAL,EPMG,AGUA,1966-01-01,OPERACION
GVIO,1241929.3,4599603910.39,334,1241.9293,4599.60391039,0.42278488762785243,GVIO,GUAVIO,HIDRAULICA,DESPACHADO CENTRALMENTE,NORMAL,ENDG,AGUA,1993-03-19,OPERACION
GYPO,344136.63,440100377.92,346,344.13663,440.10037792,0.14598785711637197,GYPO,GUAYEPO,SOLAR,DESPACHADO CENTRALMENTE,NORMAL,ENDG,RAD SOLAR,2024-11-30,OPERACION
HMIN,61047.96,199998668.7,366,61.047959999999996,199.9986687,0.37398298409028996,HMIN,ESCUELA DE MINAS,HIDRAULICA,DESPACHADO CENTRALMENTE,FILO DE AGUA,HDPG,AGUA,2019-09-30,OPERACION
HMLG,398548.65,1308418404.13,366,398.54865,1308.4184041300002,0.3747668735590737,HMLG,MIEL I,HIDRAULICA,DESPACHADO CENTRALMENTE,NORMAL,ISGG,AGUA,2002-12-01,OPERACION
HMO1,23732.02,112595254.24,361,23.732020000000002,112.59525423999999,0.5416032653399986,HMO1,HIDROMONTAÑITAS,HIDRAULICA,NO DESPACHADO CENTRALMENTE,NORMAL,EPSG,AGUA,2012-06-14,OPERACION
HRD1,19437.0,89417264.2,328,19.437,89.4172642,0.5251556439338144,HRD1,LA HERRADURA,HIDRAULICA,NO DESPACHADO CENTRALMENTE,FILO DE AGUA,EPMG,AGUA,2004-09-03,OPERACION
INC1,40648.63,165841510.6,347,40.64863,165.8415106,0.46573966434385217,INC1,INCAUCA 1,COGENERADOR,NO DESPACHADO CENTRALMENTE,COGENERADOR,NTCG,BAGAZO,1998-10-21,OPERACION
INS1,18913.22,97424737.17,366,18.913220000000003,97.42473717,0.5880302422877276,INS1,INSULA,HIDRAULICA,NO DESPACHADO CENTRALMENTE,NORMAL,EPMG,AGUA,1995-07-20,OPERACION
INZ1,533.06,202106.57,35,0.53306,0.20210657,0.043281293392315616,INZ1,INZA,HIDRAULICA,NO DESPACHADO CENTRALMENTE,NORMAL,CDIG,AGUA,2009-02-05,OPERACION
IQU1,2066.09,4366416.71,129,2.06609,4.36641671,0.24125250890267194,IQU1,IQUIRA I,HIDRAULICA,NO DESPACHADO CENTRALMENTE,NORMAL,HLAG,AGUA,1955-01-01,OPERACION
IQU2,1312.29,1632484.8,80,1.31229,1.6324848,0.1420087879422743,IQU2,IQUIRA II,HIDRAULICA,NO DESPACHADO CENTRALMENTE,NORMAL,HLAG,AGUA,1965-01-01,OPERACION
IRG1,20518.98,122831263.12,330,20.51898,122.83126312,0.6833591966802306,IRG1,INGENIO RISARALDA 1,COGENERADOR,NO DESPACHADO CENTRALMENTE,COGENERADOR,ERRG,BAGAZO,2003-08-15,OPERACION
JAGS,174936.0,502457051.36,251,174.936,502.45705136000004,0.3278805442324321,JAGS,JAGUAS,HIDRAULICA,DESPACHADO CENTRALMENTE,NORMAL,ISGG,AGUA,1988-07-01,OPERACION
LBR1,3428.33,10407042.5,310,3.42833,10.4070425,0.34652981195751587,LBR1,NUEVO LIBARE,HIDRAULICA,NO DESPACHADO CENTRALMENTE,NORMAL,EEPG,AGUA,1994-01-01,OPERACION
LCS1,2311.65,7131674.45,211,2.31165,7.13167445,0.35218051517294724,LCS1,LA CASCADA (ANTIOQUIA),HIDRAULICA,NO DESPACHADO CENTRALMENTE,NORMAL,GNCG,AGUA,2007-07-17,OPERACION
LMR1,18841.51,47894808.77,163,18.84151,47.894808770000004,0.29018077232217493,LMR1,EL LIMONAR,HIDRAULICA,NO DESPACHADO CENTRALMENTE,NORMAL,ENDG,AGUA,2003-12-06,OPERACION
LPLO,1106.33,6396811.56,344,1.10633,6.39681156,0.660046848713301,LPLO,RIO PALO,HIDRAULICA,NO DESPACHADO CENTRALMENTE,NORMAL,CDIG,AGUA,1960-01-01,OPERACION
LTSJ,307230.0,1171474951.71,285,307.23,1171.4749517100001,0.43527655931547427,LTSJ,LA TASAJERA,HIDRAULICA,DESPACHADO CENTRALMENTE,NORMAL,EPMG,AGUA,1994-05-20,OPERACION
MATA,82995.72,149567979.16,366,82.99572,149.56797916,0.20572109289182974,MATA,LA MATA,SOLAR,DESPACHADO CENTRALMENTE,NORMAL,SLMG,RAD SOLAR,2024-06-27,OPERACION
MIR1,3004.03,16418626.16,366,3.00403,16.41862616,0.6239193325945692,MIR1,MIROLINDO,HIDRAULICA,NO DESPACHADO CENTRALMENTE,NORMAL,HDTG,AGUA,2004-11-03,OPERACION
MNC1,1379.99,7146782.02,349,1.37999,7.14678202,0.5911946436909195,MNC1,MUNICIPAL,HIDRAULICA,NO DESPACHADO CENTRALMENTE,NORMAL,EPMG,AGUA,1935-01-01,OPERACION
MND1,489.98,3424407.28,364,0.48998,3.4244072799999996,0.7978163865042669,MND1,MONDOMO,HIDRAULICA,NO DESPACHADO CENTRALMENTE,NORMAL,CDIG,AGUA,1958-01-01,OPERACION
MOY1,80784.75,389774820.26,359,80.78475,389.77482026,0.5507826971728426,MOY1,AMOYA LA ESPERANZA,HIDRAULICA,DESPACHADO CENTRALMENTE,FILO DE AGUA,ISGG,AGUA,2013-05-24,OPERACION
MRL1,165936.38,265551946.51,136,165.93638,265.55194651,0.18268537101374133,MRL1,MERILECTRICA 1,TERMICA,DESPACHADO CENTRALMENTE,NORMAL,EPSG,GAS,1998-02-05,OPERACION
NAV1,4430.08,23884367.66,343,4.43008,23.88436766,0.6154575060911935,NAV1,LA NAVETA,HIDRAULICA,NO DESPACHADO CENTRALMENTE,NORMAL,IACG,AGUA,2014-11-27,OPERACION
NIM1,7428.6,19621577.1,363,7.4286,19.621577100000003,0.3015246562802999,NIM1,NIMA,HIDRAULICA,NO DESPACHADO CENTRALMENTE,NORMAL,SOCG,AGUA,1942-01-01,OPERACION
NQU1,18081.8,96121460.6,276,18.081799999999998,96.12146059999999,0.6068405509897159,NQU1,NIQUIA,HIDRAULICA,NO DESPACHADO CENTRALMENTE,NORMAL,EPMG,AGUA,1993-06-28,OPERACION
NTB1,92.05,25771.01,41,0.09204999999999999,0.025771009999999997,0.03195976228920653,NTB1,NUTIBARA,HIDRAULICA,NO DESPACHADO CENTRALMENTE,GEN. DISTRIBUIDA,EPMG,AGUA,1997-01-01,OPERACION
OVJ1,1054.63,5299677.36,274,1.0546300000000002,5.2996773600000004,0.5736476299744935,OVJ1,OVEJAS,HIDRAULICA,NO DESPACHADO CENTRALMENTE,GEN. DISTRIBUIDA,CDIG,AGUA,1939-01-01,OPERACION
PES1,1195010.74,6997691718.17,366,1195.01074,6997.69171817,0.668465335716446,PES1,ITUANGO,HIDRAULICA,DESPACHADO CENTRALMENTE,NORMAL,EPMG,AGUA,2022-12-01,OPERACION
PGUG,606065.51,3413840087.84,366,606.06551,3413.8400878400003,0.643012621827754,PGUG,PAGUA,HIDRAULICA,DESPACHADO CENTRALMENTE,NORMAL,ENDG,AGUA,1986-12-01,OPERACION
PIC1,1512.0,4440487.0,336,1.512,4.440487,0.33525456923002583,PIC1,INGENIO PICHICHI 1,COGENERADOR,NO DESPACHADO CENTRALMENTE,COGENERADOR,EEPG,BAGAZO,2010-01-26,OPERACION
PJR1,12436.6,54270132.4,366,12.4366,54.2701324,0.4981442350487517,PJR1,PAJARITO,HIDRAULICA,NO DESPACHADO CENTRALMENTE,NORMAL,EPMG,AGUA,1999-11-25,OPERACION
PLM1,10240.38,51022423.5,339,10.24038,51.0224235,0.5687755306437018,PLM1,PALMAS SAN GIL,HIDRAULICA,NO DESPACHADO CENTRALMENTE,NORMAL,EPMG,AGUA,1954-01-01,OPERACION
PLU1,834.57,2668742.03,274,0.83457,2.6687420299999998,0.36503938155776827,PLU1,URRAO,HIDRAULICA,NO DESPACHADO CENTRALMENTE,NORMAL,SFEG,AGUA,2007-07-30,OPERACION
PLYS,207600.0,1230000590.0,348,207.6,1230.00059,0.6763536910197869,PLYS,PLAYAS,HIDRAULICA,DESPACHADO CENTRALMENTE,NORMAL,EPMG,AGUA,1988-08-01,OPERACION
PMR1,720.79,4354193.04,362,0.7207899999999999,4.35419304,0.689596137571276,PMR1,REMEDIOS,HIDRAULICA,NO DESPACHADO CENTRALMENTE,GEN. DISTRIBUIDA,CIEG,AGUA,2007-09-19,OPERACION
PNC1,23256.0,115793352.0,356,23.256,115.793352,0.5683874775577138,PNC1,COGENERADOR PROENCA,COGENERADOR,NO DESPACHADO CENTRALMENTE,COGENERADOR,PECG,BAGAZO,2014-04-29,OPERACION
PPA1,29949.55,133873837.58,239,29.94955,133.87383758,0.5102714915659271,PPA1,PAIPA 1,TERMICA,DESPACHADO CENTRALMENTE,NORMAL,HIMG,CARBON,1963-01-01,OPERACION
PPA2,68024.0,368431476.69,272,68.024,368.43147669,0.6182874830942021,PPA2,PAIPA 2,TERMICA,DESPACHADO CENTRALMENTE,NORMAL,HIMG,CARBON,1975-01-01,OPERACION
PPA3,70277.96,258060220.07,189,70.27796000000001,258.06022007,0.4191773527822259,PPA3,PAIPA 3,TERMICA,DESPACHADO CENTRALMENTE,NORMAL,HIMG,CARBON,1982-05-06,OPERACION
PPA4,166552.92,1140913169.55,311,166.55292,1140.91316955,0.7819810628398766,PPA4,PAIPA 4,TERMICA,DESPACHADO CENTRALMENTE,NORMAL,SOCG,CARBON,1999-01-08,OPERACION
PPN1,5239.0,1638545.0,242,5.239,1.638545,0.03570309524369825,PPN1,PAPELES NACIONALES,COGENERADOR,NO DESPACHADO CENTRALMENTE,COGENERADOR,NRCG,GAS,2009-02-05,OPERACION
PRC2,406548.0,1431863850.04,301,406.548,1431.86385004,0.40205529827185593,PRC2,PORCE II,HIDRAULICA,DESPACHADO CENTRALMENTE,NORMAL,EPMG,AGUA,2001-04-08,OPERACION
PRC3,711657.74,3224146051.36,331,711.65774,3224.14605136,0.51717726306194,PRC3,PORCE III,HIDRAULICA,DESPACHADO CENTRALMENTE,NORMAL,EPMG,AGUA,2011-02-09,OPERACION
PRD4,5973.94,29555310.13,242,5.97394,29.55531013,0.5647686201161413,PRD4,PRADO IV,HIDRAULICA,NO DESPACHADO CENTRALMENTE,NORMAL,EPSG,AGUA,1973-03-01,OPERACION
PRDO,52340.16,138713769.07,276,52.340160000000004,138.71376906999998,0.30253834044407135,PRDO,PRADO,HIDRAULICA,DESPACHADO CENTRALMENTE,NORMAL,EPSG,AGUA,1973-03-01,OPERACION
PRG1,45324.33,199833958.82,268,45.32433,199.83395882,0.5033079530509941,PRG1,PROELECTRICA 1,TERMICA,DESPACHADO CENTRALMENTE,NORMAL,PRIG,GAS,1993-07-01,OPERACION
PRG2,45565.41,223547243.64,292,45.56541,223.54724363999998,0.5600540352808419,PRG2,PROELECTRICA 2,TERMICA,DESPACHADO CENTRALMENTE,NORMAL,PRIG,GAS,1993-07-01,OPERACION
PRV1,9794.78,34863216.76,341,9.794780000000001,34.86321676,0.4063204344395875,PRV1,PROVIDENCIA,HIDRAULICA,NO DESPACHADO CENTRALMENTE,NORMAL,HZEG,AGUA,2015-09-30,OPERACION
PST1,682.18,4382979.19,365,0.6821799999999999,4.38297919,0.7334429185591024,PST1,PASTALES,HIDRAULICA,NO DESPACHADO CENTRALMENTE,GEN. DISTRIBUIDA,HDTG,AGUA,2004-02-18,OPERACION
PTA1,1250.53,5876658.95,357,1.25053,5.87665895,0.536453726268464,PTA1,LA PITA,HIDRAULICA,NO DESPACHADO CENTRALMENTE,NORMAL,HLAG,AGUA,1965-01-01,OPERACION
PTC1,1500.0,4042094.7,279,1.5,4.0420947,0.30761755707762556,PTC1,PATICO - LA CABRERA,HIDRAULICA,NO DESPACHADO CENTRALMENTE,NORMAL,FERG,AGUA,1930-01-01,OPERACION
PTG1,4045.65,11184133.98,320,4.04565,11.18413398,0.31558034513308647,PTG1,PUENTE GUILLERMO,HIDRAULICA,NO DESPACHADO CENTRALMENTE,NORMAL,NRCG,AGUA,2001-09-01,OPERACION
PTR1,52.9,264.49,6,0.052899999999999996,0.00026449,0.0005707546762652028,PTR1,FUTURA - PTAR 1,TERMICA,NO DESPACHADO CENTRALMENTE,NORMAL,EMIG,GAS,2005-11-01,PRUEBAS
QUI1,363030.74,1535947249.33,366,363.03074,1535.94724933,0.4829796065959674,QUI1,EL QUIMBO,HIDRAULICA,DESPACHADO CENTRALMENTE,NORMAL,ENDG,AGUA,2015-11-16,OPERACION
RBB1,4106.0,18770137.07,321,4.106,18.77013707,0.5218484440300085,RBB1,RIO BOBO,HIDRAULICA,NO DESPACHADO CENTRALMENTE,NORMAL,CDNG,AGUA,1960-01-01,OPERACION
RCIO,891.86,4178264.58,366,0.89186,4.1782645800000004,0.5348046133538374,RCIO,RIO RECIO,HIDRAULICA,NO DESPACHADO CENTRALMENTE,GEN. DISTRIBUIDA,HDTG,AGUA,1958-11-01,OPERACION
RCL1,1764.54,6800276.16,362,1.76454,6.80027616,0.43993745275069557,RCL1,RIO CALI,HIDRAULICA,NO DESPACHADO CENTRALMENTE,NORMAL,SOCG,AGUA,1925-01-01,OPERACION
RFR1,1253.96,5738159.9,343,1.25396,5.7381599,0.5223779741577769,RFR1,RIO FRIO I,HIDRAULICA,NO DESPACHADO CENTRALMENTE,NORMAL,SOCG,AGUA,1954-01-01,OPERACION
RFR2,10207.2,28693474.8,354,10.2072,28.6934748,0.3209019928989153,RFR2,RIO FRIO II,HIDRAULICA,NO DESPACHADO CENTRALMENTE,FILO DE AGUA,CETG,AGUA,1996-01-01,OPERACION
RGR1,448.2,3097449.24,363,0.4482,3.0974492400000004,0.7889114143025681,RGR1,RIO GRANDE,HIDRAULICA,NO DESPACHADO CENTRALMENTE,GEN. DISTRIBUIDA,EPMG,AGUA,2007-12-01,OPERACION
RGRN,19803.67,16930280.62,62,19.803669999999997,16.93028062,0.09759203400546766,RGRN,RIOGRANDE I,HIDRAULICA,NO DESPACHADO CENTRALMENTE,NORMAL,EPMG,AGUA,1956-01-01,OPERACION
RMR1,2269.75,8857365.71,337,2.26975,8.857365710000002,0.4454740861670341,RMR1,RUMOR,HIDRAULICA,NO DESPACHADO CENTRALMENTE,NORMAL,SOCG,AGUA,1999-01-01,OPERACION
RMYO,19881.07,99044581.58,366,19.88107,99.04458158,0.568704757061611,RMYO,RIO MAYO,HIDRAULICA,NO DESPACHADO CENTRALMENTE,FILO DE AGUA,CDNG,AGUA,1995-07-20,OPERACION
RNG1,9061.2,23358419.1,199,9.061200000000001,23.358419100000003,0.2942751731150551,RNG1,RIONEGRO,HIDRAULICA,NO DESPACHADO CENTRALMENTE,NORMAL,SPRG,AGUA,1975-01-01,OPERACION
RPD1,20992.0,73949134.41,286,20.992,73.94913441,0.4021380530808866,RPD1,RIO PIEDRAS,HIDRAULICA,NO DESPACHADO CENTRALMENTE,NORMAL,EPSG,AGUA,2000-03-31,OPERACION
RPL1,15705.6,55955631.06,318,15.7056,55.95563106,0.4067102890967779,RPL1,INGENIO RIOPAILA 1,COGENERADOR,NO DESPACHADO CENTRALMENTE,COGENERADOR,RPEG,BAGAZO,2018-05-21,OPERACION
SBA1,1975.18,4272938.08,183,1.9751800000000002,4.27293808,0.24695385718501764,SBA1,SUBA,HIDRAULICA,NO DESPACHADO CENTRALMENTE,NORMAL,ENDG,AGUA,2013-04-15,OPERACION
SFC1,418.43,2859729.19,366,0.41843,2.85972919,0.7801857034182026,SFC1,SAN FRANCISCO (PUTUMAYO),HIDRAULICA,NO DESPACHADO CENTRALMENTE,NORMAL,SGMG,AGUA,2012-12-15,OPERACION
SJN1,3566.28,14389595.57,258,3.5662800000000003,14.389595570000001,0.46060541968626173,SJN1,SAJANDI,HIDRAULICA,NO DESPACHADO CENTRALMENTE,NORMAL,CDIG,AGUA,1995-01-01,OPERACION
SJOG,383.2,1805001.83,364,0.3832,1.8050018300000001,0.537709909223935,SJOG,SAN JOSE,HIDRAULICA,NO DESPACHADO CENTRALMENTE,GEN. DISTRIBUIDA,GCEG,AGUA,2003-11-16,OPERACION
SLV1,376.43,2356597.6,365,0.37643,2.3565976,0.7146560871013997,SLV1,SILVIA,HIDRAULICA,NO DESPACHADO CENTRALMENTE,NORMAL,CDIG,AGUA,1994-01-01,OPERACION
SLVJ,315914.63,728000290.23,366,315.91463,728.00029023,0.26306175172175084,SLVJ,SALVAJINA,HIDRAULICA,DESPACHADO CENTRALMENTE,NORMAL,EPSG,AGUA,1995-07-20,OPERACION
SMI1,50462.94,317506461.81,360,50.46294,317.50646181,0.7182504603771858,SMI1,SAN MIGUEL,HIDRAULICA,DESPACHADO CENTRALMENTE,FILO DE AGUA,ISGG,AGUA,2015-12-23,OPERACION
SNC1,1793.09,6513128.25,301,1.7930899999999999,6.51312825,0.4146516856911201,SNC1,SAN CANCIO,HIDRAULICA,NO DESPACHADO CENTRALMENTE,NORMAL,EPMG,AGUA,1929-01-01,OPERACION
SNCR,1252968.44,5206096287.79,365,1252.9684399999999,5206.09628779,0.4743162000151989,SNCR,SAN CARLOS,HIDRAULICA,DESPACHADO CENTRALMENTE,NORMAL,ISGG,AGUA,1984-01-20,OPERACION
SNFR,139323.63,246158950.42,365,139.32363,246.15895042,0.20169110441592766,SNFR,SAN FRANCISCO,HIDRAULICA,DESPACHADO CENTRALMENTE,FILO DE AGUA,EPMG,AGUA,1969-01-01,OPERACION
SNT1,4819.65,8344515.0,125,4.819649999999999,8.344515,0.19764302500792635,SNT1,SANTA ANA,HIDRAULICA,NO DESPACHADO CENTRALMENTE,NORMAL,ENDG,AGUA,2005-06-09,OPERACION
SOG1,823694.16,4139180492.72,366,823.69416,4139.18049272,0.5736463988850748,SOG1,SOGAMOSO,HIDRAULICA,DESPACHADO CENTRALMENTE,NORMAL,ISGG,AGUA,2014-12-20,OPERACION
SPY1,1628.28,9639334.92,366,1.62828,9.63933492,0.6757932902388637,SPY1,RIO SAPUYES,HIDRAULICA,NO DESPACHADO CENTRALMENTE,NORMAL,CDNG,AGUA,1954-01-01,OPERACION
SRA1,1319.34,3994124.64,221,1.31934,3.9941246400000003,0.34558968982208,SRA1,SANTA RITA,HIDRAULICA,NO DESPACHADO CENTRALMENTE,NORMAL,GPEG,AGUA,2010-08-18,OPERACION
STG1,2427.47,10112743.37,366,2.42747,10.112743369999999,0.47556623115112434,STG1,SANTIAGO,HIDRAULICA,NO DESPACHADO CENTRALMENTE,NORMAL,HDTG,AGUA,2011-01-08,OPERACION
SUV1,6568.2,25971963.65,338,6.5682,25.97196365,0.4513924717738532,SUV1,SUEVA 2,HIDRAULICA,NO DESPACHADO CENTRALMENTE,NORMAL,CMXG,AGUA,2002-05-24,OPERACION
TBQ3,60996.43,107741497.22,110,60.996430000000004,107.74149722,0.2016389758140924,TBQ3,BARRANQUILLA 3,TERMICA,DESPACHADO CENTRALMENTE,NORMAL,TBSG,GAS,1980-01-01,OPERACION
TBQ4,62753.71,112282435.42,109,62.75371,112.28243542,0.2042529376216203,TBQ4,BARRANQUILLA 4,TERMICA,DESPACHADO CENTRALMENTE,NORMAL,TBSG,GAS,1980-01-01,OPERACION
TBST,795599.78,4035674847.67,343,795.59978,4035.67484767,0.5790517887792974,TBST,TEBSAB CC,TERMICA,DESPACHADO CENTRALMENTE,CICLO COMBINADO,TBSG,GAS,1989-10-21,OPERACION
TCBE,53044.8,85179474.28,166,53.0448,85.17947428000001,0.18331079160518682,TCBE,TERMOCARIBE III 1,TERMICA,DESPACHADO CENTRALMENTE,NORMAL,TCBG,GLP,2024-03-21,OPERACION
TCDT,553630.58,2355485090.02,260,553.63058,2355.48509002,0.4856866685568841,TCDT,TERMOCANDELARIA CC,TERMICA,DESPACHADO CENTRALMENTE,CICLO COMBINADO,TCIG,GAS,2023-10-27,OPERACION
TDR1,44921.45,20805591.96,68,44.92145,20.80559196,0.052871569714300536,TDR1,TERMODORADA 1,TERMICA,DESPACHADO CENTRALMENTE,NORMAL,EPMG,JET-A1,1997-08-11,OPERACION
TEC1,216330.0,455305146.31,154,216.33,455.30514631,0.24026012722719622,TEC1,TERMOEMCALI CC,TERMICA,DESPACHADO CENTRALMENTE,CICLO COMBINADO,TEMG,ACPM,1999-07-16,OPERACION
TFL1,161648.33,698206106.99,293,161.64833,698.20610699,0.49306969946431944,TFL1,FLORES I CC,TERMICA,DESPACHADO CENTRALMENTE,CICLO COMBINADO,TMFG,GAS,1993-11-01,OPERACION
TFL4,435045.61,2620577341.34,351,435.04561,2620.57734134,0.6876351758532392,TFL4,FLORES 4 CC,TERMICA,DESPACHADO CENTRALMENTE,CICLO COMBINADO,TMFG,GAS,2010-12-01,OPERACION
TGJ1,150646.06,912029285.39,321,150.64606,912.02928539,0.6911095592021864,TGJ1,GUAJIRA 1,TERMICA,DESPACHADO CENTRALMENTE,NORMAL,GECG,CARBON,1983-08-08,OPERACION
TGJ2,137507.34,741092477.9,345,137.50734,741.0924779,0.6152369606872619,TGJ2,GUAJIRA 2,TERMICA,DESPACHADO CENTRALMENTE,NORMAL,GECG,CARBON,1987-11-23,OPERACION
TMB1,4473.0,17574214.0,346,4.473,17.574214,0.44851080098041324,TMB1,TERMOBOLIVAR 1,TERMICA,NO DESPACHADO CENTRALMENTE,NORMAL,GSAG,GAS,2016-03-04,OPERACION
TMS1,830.9,6428860.34,366,0.8309,6.42886034,0.8832448750351025,TMS1,RIOFRIO (TAMESIS),HIDRAULICA,NO DESPACHADO CENTRALMENTE,GEN. DISTRIBUIDA,EPMG,AGUA,1951-01-01,OPERACION
TPD1,4607.72,12478951.4,350,4.6077200000000005,12.4789514,0.3091632805487808,TPD1,TERMOPIEDRAS 1,TERMICA,NO DESPACHADO CENTRALMENTE,NORMAL,TRPG,GAS,1999-12-30,OPERACION
TPUY,96826.82,163900409.13,314,96.82682000000001,163.90040912999999,0.19323253997640688,TPUY,PARQUE SOLAR TEPUY,SOLAR,DESPACHADO CENTRALMENTE,NORMAL,EPMG,RAD SOLAR,2024-06-12,OPERACION
TR2G,20163.9,44884642.07,366,20.1639,44.88464207,0.25410846056068237,TR2G,TRINA-VATIA BSLII,SOLAR,NO DESPACHADO CENTRALMENTE,NORMAL,ISGG,RAD SOLAR,2021-01-22,PRUEBAS
TR3G,20392.49,42664628.34,366,20.392490000000002,42.66462834,0.23883259783448213,TR3G,TRINA-VATIA BSLIII,SOLAR,NO DESPACHADO CENTRALMENTE,NORMAL,ISGG,RAD SOLAR,2020-11-30,PRUEBAS
TRM1,9.34,49.14,1,0.00934,4.914e-05,0.000600598398404271,TRM1,TERMOCENTRO CC,TERMICA,DESPACHADO CENTRALMENTE,CICLO COMBINADO,TCNG,GAS,2000-11-30,OPERACION
TRN1,90397.7,516712345.3,354,90.3977,516.7123453,0.6525102690185934,TRN1,TERMONORTE,TERMICA,DESPACHADO CENTRALMENTE,NORMAL,TMNG,COMBUSTOLEO,2018-12-01,OPERACION
TSJ1,166567.67,1176639156.19,328,166.56767000000002,1176.63915619,0.806396213490012,TSJ1,TASAJERO 1,TERMICA,DESPACHADO CENTRALMENTE,NORMAL,TRMG,CARBON,1985-02-20,OPERACION
TSJ2,172403.35,1228352227.45,319,172.40335000000002,1228.35222745,0.813341834801007,TSJ2,TASAJERO 2,TERMICA,DESPACHADO CENTRALMENTE,NORMAL,TERG,CARBON,2015-11-30,OPERACION
TSR1,399762.87,419077437.12,109,399.76287,419.07743712,0.11967066896981149,TSR1,TERMOSIERRA CC,TERMICA,DESPACHADO CENTRALMENTE,CICLO COMBINADO,EPMG,ACPM,1998-02-07,OPERACION
TUJ1,19962.56,70751049.53,234,19.96256,70.75104953,0.40458757932978395,TUJ1,TUNJITA,HIDRAULICA,DESPACHADO CENTRALMENTE,FILO DE AGUA,CHVG,AGUA,2016-06-30,OPERACION
TVL1,233707.28,777921925.14,228,233.70728,777.92192514,0.37997906069882253,TVL1,TERMOVALLE CC,TERMICA,DESPACHADO CENTRALMENTE,CICLO COMBINADO,TMVG,ACPM,2011-12-17,OPERACION
TYP1,35395.11,131034206.82,335,35.39511,131.03420681999998,0.4226076084428394,TYP1,TERMOYOPAL 1,TERMICA,DESPACHADO CENTRALMENTE,NORMAL,TYPG,GAS,2005-03-11,OPERACION
TYP2,51667.95,220876060.45,349,51.66795,220.87606044999998,0.4880039202605577,TYP2,TERMOYOPAL 2,TERMICA,DESPACHADO CENTRALMENTE,NORMAL,TYPG,GAS,2004-07-29,OPERACION
TYP3,48283.99,31515853.8,35,48.283989999999996,31.515853800000002,0.07451124493811412,TYP3,TERMOYOPAL G3,TERMICA,DESPACHADO CENTRALMENTE,NORMAL,TYPG,GAS,2020-08-31,OPERACION
TYP4,48065.66,370689568.57,358,48.06566,370.68956857,0.8803823934938603,TYP4,TERMOYOPAL G4,TERMICA,DESPACHADO CENTRALMENTE,NORMAL,TYPG,GAS,2020-08-31,OPERACION
TYP5,52415.33,84782322.05,89,52.415330000000004,84.78232204999999,0.18464726380587002,TYP5,TERMOYOPAL G5,TERMICA,DESPACHADO CENTRALMENTE,NORMAL,TYPG,GAS,2021-02-11,OPERACION
UNN1,863.13,3078804.63,208,0.86313,3.07880463,0.40719441538751366,UNN1,UNION,HIDRAULICA,NO DESPACHADO CENTRALMENTE,GEN. DISTRIBUIDA,CALG,AGUA,1935-01-01,OPERACION
URA1,306488.89,1312846287.8,366,306.48889,1312.8462878,0.4889844382093717,URA1,URRA,HIDRAULICA,DESPACHADO CENTRALMENTE,NORMAL,EMUG,AGUA,2000-02-14,OPERACION
USQ1,1802.2,8295412.53,364,1.8022,8.29541253,0.5254493955637174,USQ1,USAQUEN,HIDRAULICA,NO DESPACHADO CENTRALMENTE,NORMAL,ENDG,AGUA,2013-04-15,OPERACION
VLT1,11259.6,45577518.8,359,11.2596,45.5775188,0.4620868507782542,VLT1,LA VUELTA,HIDRAULICA,NO DESPACHADO CENTRALMENTE,NORMAL,EPMG,AGUA,2004-11-22,OPERACION
VNTA,3209.09,12138131.15,250,3.20909,12.13813115,0.43178328118480674,VNTA,VENTANA A,HIDRAULICA,NO DESPACHADO CENTRALMENTE,NORMAL,HDTG,AGUA,1957-11-01,OPERACION
VNTB,3028.88,4351781.76,184,3.02888,4.35178176,0.1640140050863776,VNTB,VENTANA B,HIDRAULICA,NO DESPACHADO CENTRALMENTE,NORMAL,HDTG,AGUA,1957-11-01,OPERACION
ZPA2,33668.42,110891079.13,224,33.66842,110.89107913,0.37598434935298186,ZPA2,ZIPAEMG 2,TERMICA,DESPACHADO CENTRALMENTE,NORMAL,ENDG,CARBON,1964-01-01,OPERACION
ZPA3,55726.17,257368597.63,284,55.726169999999996,257.36859763,0.5272204585099215,ZPA3,ZIPAEMG 3,TERMICA,DESPACHADO CENTRALMENTE,NORMAL,ENDG,CARBON,1976-01-01,OPERACION
ZPA4,63691.21,334038373.1,309,63.69121,334.0383731,0.5987048192701335,ZPA4,ZIPAEMG 4,TERMICA,DESPACHADO CENTRALMENTE,NORMAL,ENDG,CARBON,1981-04-01,OPERACION
ZPA5,60682.41,259975557.49,261,60.682410000000004,259.97555749,0.48906388286055347,ZPA5,ZIPAEMG 5,TERMICA,DESPACHADO CENTRALMENTE,NORMAL,ENDG,CARBON,1985-12-14,OPERACION
